timestamp,environment,policy_version,opponent_name,opponent_version,opponent_kind,change_type,split,seed_start,seed_stop_exclusive,episodes,mean,std,median,min,max,wins,losses,draws,win_rate,life_difference_mean,environment_steps,wall_clock_seconds,pass_fail,tests_pass_fail,git_commit,diff_identifier,agent_iterations,code_edits,change_summary,failure_analysis,next_hypothesis
2026-05-25T19:23:07+00:00,SlimeVolley-v0,improved,builtin,slimevolleygym-baseline-rnn,built-in baseline,structural policy improvement,dev,6000,6050,50,,,,,,0,0,0,,,0,0.000111,fail,pass,088c70f,ac52c515cc9a,0,0,SlimeVolley evaluation run.,SlimeVolleyDependencyError: SlimeVolley requires optional legacy dependencies: gym and slimevolleygym. Current status: ModuleNotFoundError: No module named 'gym',Compare opponent-pool performance across fixed seeds.
2026-05-25T19:24:38+00:00,SlimeVolley-v0,improved,builtin,slimevolleygym-baseline-rnn,built-in baseline,structural policy improvement,dev,6000,6050,50,-4.24,1.01114,-5,-5,0,0,49,1,0.0,-4.24,113541,7.194711,pass,pass,088c70f,ac52c515cc9a,0,0,SlimeVolley evaluation run.,No failure observed.,Compare opponent-pool performance across fixed seeds.
2026-05-25T20:01:53+00:00,SlimeVolley-v0,tuned,builtin,slimevolleygym-baseline-rnn,built-in baseline,scalar/config tuning,dev,6000,6050,50,-4.88,0.474974,-5,-5,-2,0,50,0,0.0,-4.88,35129,2.150871,pass,pass,088c70f,67be3d785359,1,2,SlimeVolley scalar search candidate 1/16 against builtin; no structural policy code changed.,No failure observed.,Select scalar config on development seeds using average opponent score with mean - 0 * std per opponent.
2026-05-25T20:01:56+00:00,SlimeVolley-v0,tuned,random,v0,random policy,scalar/config tuning,dev,6000,6050,50,2.44,2.32517,3,-4,5,43,7,0,0.86,2.44,34284,2.441975,pass,pass,088c70f,67be3d785359,1,2,SlimeVolley scalar search candidate 1/16 against random; no structural policy code changed.,No failure observed.,Select scalar config on development seeds using average opponent score with mean - 0 * std per opponent.
2026-05-25T20:01:58+00:00,SlimeVolley-v0,tuned,initial,v0,frozen heuristic,scalar/config tuning,dev,6000,6050,50,0.72,2.60031,2,-5,5,32,18,0,0.64,0.72,39853,2.543441,pass,pass,088c70f,67be3d785359,1,2,SlimeVolley scalar search candidate 1/16 against initial; no structural policy code changed.,No failure observed.,Select scalar config on development seeds using average opponent score with mean - 0 * std per opponent.
2026-05-25T20:02:01+00:00,SlimeVolley-v0,tuned,improved-v0,v0,archived heuristic,scalar/config tuning,dev,6000,6050,50,0.84,2.65601,2,-5,5,32,18,0,0.64,0.84,39952,2.63873,pass,pass,088c70f,67be3d785359,1,2,SlimeVolley scalar search candidate 1/16 against improved-v0; no structural policy code changed.,No failure observed.,Select scalar config on development seeds using average opponent score with mean - 0 * std per opponent.
2026-05-25T20:02:04+00:00,SlimeVolley-v0,tuned,improved-v2,v2,archived heuristic,scalar/config tuning,dev,6000,6050,50,-1.84,2.09151,-2.5,-5,3,10,40,0,0.2,-1.84,45578,2.953421,pass,pass,088c70f,67be3d785359,1,2,SlimeVolley scalar search candidate 1/16 against improved-v2; no structural policy code changed.,No failure observed.,Select scalar config on development seeds using average opponent score with mean - 0 * std per opponent.
2026-05-25T20:02:06+00:00,SlimeVolley-v0,tuned,builtin,slimevolleygym-baseline-rnn,built-in baseline,scalar/config tuning,dev,6000,6050,50,-4.9,0.458258,-5,-5,-2,0,50,0,0.0,-4.9,33512,1.934011,pass,pass,088c70f,67be3d785359,1,2,SlimeVolley scalar search candidate 2/16 against builtin; no structural policy code changed.,No failure observed.,Select scalar config on development seeds using average opponent score with mean - 0 * std per opponent.
2026-05-25T20:02:09+00:00,SlimeVolley-v0,tuned,random,v0,random policy,scalar/config tuning,dev,6000,6050,50,1.6,2.38328,2,-4,5,37,13,0,0.74,1.6,35440,2.535526,pass,pass,088c70f,67be3d785359,1,2,SlimeVolley scalar search candidate 2/16 against random; no structural policy code changed.,No failure observed.,Select scalar config on development seeds using average opponent score with mean - 0 * std per opponent.
2026-05-25T20:02:11+00:00,SlimeVolley-v0,tuned,initial,v0,frozen heuristic,scalar/config tuning,dev,6000,6050,50,-0.1,2.66271,0,-5,5,25,25,0,0.5,-0.1,39272,2.517465,pass,pass,088c70f,67be3d785359,1,2,SlimeVolley scalar search candidate 2/16 against initial; no structural policy code changed.,No failure observed.,Select scalar config on development seeds using average opponent score with mean - 0 * std per opponent.
2026-05-25T20:02:14+00:00,SlimeVolley-v0,tuned,improved-v0,v0,archived heuristic,scalar/config tuning,dev,6000,6050,50,0.16,2.60277,1,-5,5,29,21,0,0.58,0.16,40126,2.610399,pass,pass,088c70f,67be3d785359,1,2,SlimeVolley scalar search candidate 2/16 against improved-v0; no structural policy code changed.,No failure observed.,Select scalar config on development seeds using average opponent score with mean - 0 * std per opponent.
2026-05-25T20:02:17+00:00,SlimeVolley-v0,tuned,improved-v2,v2,archived heuristic,scalar/config tuning,dev,6000,6050,50,-2.2,2,-3,-5,3,7,43,0,0.14,-2.2,43280,2.804799,pass,pass,088c70f,67be3d785359,1,2,SlimeVolley scalar search candidate 2/16 against improved-v2; no structural policy code changed.,No failure observed.,Select scalar config on development seeds using average opponent score with mean - 0 * std per opponent.
2026-05-25T20:02:19+00:00,SlimeVolley-v0,tuned,builtin,slimevolleygym-baseline-rnn,built-in baseline,scalar/config tuning,dev,6000,6050,50,-4.9,0.458258,-5,-5,-2,0,50,0,0.0,-4.9,32236,1.853364,pass,pass,088c70f,67be3d785359,1,2,SlimeVolley scalar search candidate 3/16 against builtin; no structural policy code changed.,No failure observed.,Select scalar config on development seeds using average opponent score with mean - 0 * std per opponent.
2026-05-25T20:02:21+00:00,SlimeVolley-v0,tuned,random,v0,random policy,scalar/config tuning,dev,6000,6050,50,1.5,2.3516,2,-4,5,38,12,0,0.76,1.5,33960,2.433041,pass,pass,088c70f,67be3d785359,1,2,SlimeVolley scalar search candidate 3/16 against random; no structural policy code changed.,No failure observed.,Select scalar config on development seeds using average opponent score with mean - 0 * std per opponent.
2026-05-25T20:02:24+00:00,SlimeVolley-v0,tuned,initial,v0,frozen heuristic,scalar/config tuning,dev,6000,6050,50,-0.44,2.5625,-1,-5,4,22,28,0,0.44,-0.44,37890,2.411892,pass,pass,088c70f,67be3d785359,1,2,SlimeVolley scalar search candidate 3/16 against initial; no structural policy code changed.,No failure observed.,Select scalar config on development seeds using average opponent score with mean - 0 * std per opponent.
2026-05-25T20:02:26+00:00,SlimeVolley-v0,tuned,improved-v0,v0,archived heuristic,scalar/config tuning,dev,6000,6050,50,-0.4,2.5923,-1,-5,4,23,27,0,0.46,-0.4,38201,2.5006,pass,pass,088c70f,67be3d785359,1,2,SlimeVolley scalar search candidate 3/16 against improved-v0; no structural policy code changed.,No failure observed.,Select scalar config on development seeds using average opponent score with mean - 0 * std per opponent.
2026-05-25T20:02:29+00:00,SlimeVolley-v0,tuned,improved-v2,v2,archived heuristic,scalar/config tuning,dev,6000,6050,50,-2.72,1.83347,-3,-5,3,4,46,0,0.08,-2.72,39831,2.609434,pass,pass,088c70f,67be3d785359,1,2,SlimeVolley scalar search candidate 3/16 against improved-v2; no structural policy code changed.,No failure observed.,Select scalar config on development seeds using average opponent score with mean - 0 * std per opponent.
2026-05-25T20:02:31+00:00,SlimeVolley-v0,tuned,builtin,slimevolleygym-baseline-rnn,built-in baseline,scalar/config tuning,dev,6000,6050,50,-4.86,0.529528,-5,-5,-2,0,50,0,0.0,-4.86,35588,2.091718,pass,pass,088c70f,67be3d785359,1,2,SlimeVolley scalar search candidate 4/16 against builtin; no structural policy code changed.,No failure observed.,Select scalar config on development seeds using average opponent score with mean - 0 * std per opponent.
2026-05-25T20:02:34+00:00,SlimeVolley-v0,tuned,random,v0,random policy,scalar/config tuning,dev,6000,6050,50,2.42,2.23687,3,-3,5,44,6,0,0.88,2.42,34298,2.487558,pass,pass,088c70f,67be3d785359,1,2,SlimeVolley scalar search candidate 4/16 against random; no structural policy code changed.,No failure observed.,Select scalar config on development seeds using average opponent score with mean - 0 * std per opponent.
2026-05-25T20:02:36+00:00,SlimeVolley-v0,tuned,initial,v0,frozen heuristic,scalar/config tuning,dev,6000,6050,50,0.82,2.50352,2,-5,5,32,18,0,0.64,0.82,40458,2.586549,pass,pass,088c70f,67be3d785359,1,2,SlimeVolley scalar search candidate 4/16 against initial; no structural policy code changed.,No failure observed.,Select scalar config on development seeds using average opponent score with mean - 0 * std per opponent.
2026-05-25T20:02:39+00:00,SlimeVolley-v0,tuned,improved-v0,v0,archived heuristic,scalar/config tuning,dev,6000,6050,50,1.1,2.5,2,-5,5,35,15,0,0.7,1.1,40479,2.599579,pass,pass,088c70f,67be3d785359,1,2,SlimeVolley scalar search candidate 4/16 against improved-v0; no structural policy code changed.,No failure observed.,Select scalar config on development seeds using average opponent score with mean - 0 * std per opponent.
2026-05-25T20:02:42+00:00,SlimeVolley-v0,tuned,improved-v2,v2,archived heuristic,scalar/config tuning,dev,6000,6050,50,-1.86,2.04949,-2,-5,3,8,42,0,0.16,-1.86,46271,3.03485,pass,pass,088c70f,67be3d785359,1,2,SlimeVolley scalar search candidate 4/16 against improved-v2; no structural policy code changed.,No failure observed.,Select scalar config on development seeds using average opponent score with mean - 0 * std per opponent.
2026-05-25T20:02:44+00:00,SlimeVolley-v0,tuned,builtin,slimevolleygym-baseline-rnn,built-in baseline,scalar/config tuning,dev,6000,6050,50,-4.9,0.458258,-5,-5,-2,0,50,0,0.0,-4.9,33666,1.992047,pass,pass,088c70f,67be3d785359,1,2,SlimeVolley scalar search candidate 5/16 against builtin; no structural policy code changed.,No failure observed.,Select scalar config on development seeds using average opponent score with mean - 0 * std per opponent.
2026-05-25T20:02:47+00:00,SlimeVolley-v0,tuned,random,v0,random policy,scalar/config tuning,dev,6000,6050,50,1.68,2.38696,2,-4,5,37,13,0,0.74,1.68,35055,2.538146,pass,pass,088c70f,67be3d785359,1,2,SlimeVolley scalar search candidate 5/16 against random; no structural policy code changed.,No failure observed.,Select scalar config on development seeds using average opponent score with mean - 0 * std per opponent.
2026-05-25T20:02:49+00:00,SlimeVolley-v0,tuned,initial,v0,frozen heuristic,scalar/config tuning,dev,6000,6050,50,0.06,2.70858,1,-5,5,26,24,0,0.52,0.06,39036,2.443221,pass,pass,088c70f,67be3d785359,1,2,SlimeVolley scalar search candidate 5/16 against initial; no structural policy code changed.,No failure observed.,Select scalar config on development seeds using average opponent score with mean - 0 * std per opponent.
2026-05-25T20:02:52+00:00,SlimeVolley-v0,tuned,improved-v0,v0,archived heuristic,scalar/config tuning,dev,6000,6050,50,0.26,2.6744,1,-5,5,29,21,0,0.58,0.26,39676,2.608169,pass,pass,088c70f,67be3d785359,1,2,SlimeVolley scalar search candidate 5/16 against improved-v0; no structural policy code changed.,No failure observed.,Select scalar config on development seeds using average opponent score with mean - 0 * std per opponent.
2026-05-25T20:02:55+00:00,SlimeVolley-v0,tuned,improved-v2,v2,archived heuristic,scalar/config tuning,dev,6000,6050,50,-2.1,2.17486,-3,-5,3,8,42,0,0.16,-2.1,43228,2.784453,pass,pass,088c70f,67be3d785359,1,2,SlimeVolley scalar search candidate 5/16 against improved-v2; no structural policy code changed.,No failure observed.,Select scalar config on development seeds using average opponent score with mean - 0 * std per opponent.
2026-05-25T20:02:57+00:00,SlimeVolley-v0,tuned,builtin,slimevolleygym-baseline-rnn,built-in baseline,scalar/config tuning,dev,6000,6050,50,-4.9,0.458258,-5,-5,-2,0,50,0,0.0,-4.9,32838,1.922098,pass,pass,088c70f,67be3d785359,1,2,SlimeVolley scalar search candidate 6/16 against builtin; no structural policy code changed.,No failure observed.,Select scalar config on development seeds using average opponent score with mean - 0 * std per opponent.
2026-05-25T20:03:00+00:00,SlimeVolley-v0,tuned,random,v0,random policy,scalar/config tuning,dev,6000,6050,50,1.38,2.42396,2,-4,5,36,14,0,0.72,1.38,34184,2.48244,pass,pass,088c70f,67be3d785359,1,2,SlimeVolley scalar search candidate 6/16 against random; no structural policy code changed.,No failure observed.,Select scalar config on development seeds using average opponent score with mean - 0 * std per opponent.
2026-05-25T20:03:02+00:00,SlimeVolley-v0,tuned,initial,v0,frozen heuristic,scalar/config tuning,dev,6000,6050,50,-0.3,2.62488,-1,-5,5,22,28,0,0.44,-0.3,37922,2.3962,pass,pass,088c70f,67be3d785359,1,2,SlimeVolley scalar search candidate 6/16 against initial; no structural policy code changed.,No failure observed.,Select scalar config on development seeds using average opponent score with mean - 0 * std per opponent.
2026-05-25T20:03:05+00:00,SlimeVolley-v0,tuned,improved-v0,v0,archived heuristic,scalar/config tuning,dev,6000,6050,50,-0.18,2.62823,-1,-5,5,24,26,0,0.48,-0.18,38489,2.557718,pass,pass,088c70f,67be3d785359,1,2,SlimeVolley scalar search candidate 6/16 against improved-v0; no structural policy code changed.,No failure observed.,Select scalar config on development seeds using average opponent score with mean - 0 * std per opponent.
2026-05-25T20:03:08+00:00,SlimeVolley-v0,tuned,improved-v2,v2,archived heuristic,scalar/config tuning,dev,6000,6050,50,-2.48,2.05173,-3,-5,3,6,44,0,0.12,-2.48,40632,2.660739,pass,pass,088c70f,67be3d785359,1,2,SlimeVolley scalar search candidate 6/16 against improved-v2; no structural policy code changed.,No failure observed.,Select scalar config on development seeds using average opponent score with mean - 0 * std per opponent.
2026-05-25T20:03:10+00:00,SlimeVolley-v0,tuned,builtin,slimevolleygym-baseline-rnn,built-in baseline,scalar/config tuning,dev,6000,6050,50,-4.9,0.458258,-5,-5,-2,0,50,0,0.0,-4.9,35117,2.004424,pass,pass,088c70f,67be3d785359,1,2,SlimeVolley scalar search candidate 7/16 against builtin; no structural policy code changed.,No failure observed.,Select scalar config on development seeds using average opponent score with mean - 0 * std per opponent.
2026-05-25T20:03:12+00:00,SlimeVolley-v0,tuned,random,v0,random policy,scalar/config tuning,dev,6000,6050,50,2.58,2.06,3,-3,5,45,5,0,0.9,2.58,33836,2.41809,pass,pass,088c70f,67be3d785359,1,2,SlimeVolley scalar search candidate 7/16 against random; no structural policy code changed.,No failure observed.,Select scalar config on development seeds using average opponent score with mean - 0 * std per opponent.
2026-05-25T20:03:15+00:00,SlimeVolley-v0,tuned,initial,v0,frozen heuristic,scalar/config tuning,dev,6000,6050,50,0.76,2.45406,1.5,-4,5,32,18,0,0.64,0.76,39694,2.547188,pass,pass,088c70f,67be3d785359,1,2,SlimeVolley scalar search candidate 7/16 against initial; no structural policy code changed.,No failure observed.,Select scalar config on development seeds using average opponent score with mean - 0 * std per opponent.
2026-05-25T20:03:18+00:00,SlimeVolley-v0,tuned,improved-v0,v0,archived heuristic,scalar/config tuning,dev,6000,6050,50,0.92,2.52063,1.5,-5,5,33,17,0,0.66,0.92,39720,2.645816,pass,pass,088c70f,67be3d785359,1,2,SlimeVolley scalar search candidate 7/16 against improved-v0; no structural policy code changed.,No failure observed.,Select scalar config on development seeds using average opponent score with mean - 0 * std per opponent.
2026-05-25T20:03:21+00:00,SlimeVolley-v0,tuned,improved-v2,v2,archived heuristic,scalar/config tuning,dev,6000,6050,50,-1.96,2.09724,-2.5,-5,5,7,43,0,0.14,-1.96,45087,2.958937,pass,pass,088c70f,67be3d785359,1,2,SlimeVolley scalar search candidate 7/16 against improved-v2; no structural policy code changed.,No failure observed.,Select scalar config on development seeds using average opponent score with mean - 0 * std per opponent.
2026-05-25T20:03:23+00:00,SlimeVolley-v0,tuned,builtin,slimevolleygym-baseline-rnn,built-in baseline,scalar/config tuning,dev,6000,6050,50,-4.9,0.458258,-5,-5,-2,0,50,0,0.0,-4.9,33276,1.948107,pass,pass,088c70f,67be3d785359,1,2,SlimeVolley scalar search candidate 8/16 against builtin; no structural policy code changed.,No failure observed.,Select scalar config on development seeds using average opponent score with mean - 0 * std per opponent.
2026-05-25T20:03:25+00:00,SlimeVolley-v0,tuned,random,v0,random policy,scalar/config tuning,dev,6000,6050,50,1.62,2.44041,2,-4,5,38,12,0,0.76,1.62,34431,2.463695,pass,pass,088c70f,67be3d785359,1,2,SlimeVolley scalar search candidate 8/16 against random; no structural policy code changed.,No failure observed.,Select scalar config on development seeds using average opponent score with mean - 0 * std per opponent.
2026-05-25T20:03:28+00:00,SlimeVolley-v0,tuned,initial,v0,frozen heuristic,scalar/config tuning,dev,6000,6050,50,-0.1,2.6096,0,-5,5,25,25,0,0.5,-0.1,39021,2.472065,pass,pass,088c70f,67be3d785359,1,2,SlimeVolley scalar search candidate 8/16 against initial; no structural policy code changed.,No failure observed.,Select scalar config on development seeds using average opponent score with mean - 0 * std per opponent.
2026-05-25T20:03:31+00:00,SlimeVolley-v0,tuned,improved-v0,v0,archived heuristic,scalar/config tuning,dev,6000,6050,50,0.08,2.57558,1,-5,5,28,22,0,0.56,0.08,39757,2.614302,pass,pass,088c70f,67be3d785359,1,2,SlimeVolley scalar search candidate 8/16 against improved-v0; no structural policy code changed.,No failure observed.,Select scalar config on development seeds using average opponent score with mean - 0 * std per opponent.
2026-05-25T20:03:34+00:00,SlimeVolley-v0,tuned,improved-v2,v2,archived heuristic,scalar/config tuning,dev,6000,6050,50,-2.2,1.98997,-3,-5,3,7,43,0,0.14,-2.2,42892,2.783784,pass,pass,088c70f,67be3d785359,1,2,SlimeVolley scalar search candidate 8/16 against improved-v2; no structural policy code changed.,No failure observed.,Select scalar config on development seeds using average opponent score with mean - 0 * std per opponent.
2026-05-25T20:03:36+00:00,SlimeVolley-v0,tuned,builtin,slimevolleygym-baseline-rnn,built-in baseline,scalar/config tuning,dev,6000,6050,50,-4.9,0.458258,-5,-5,-2,0,50,0,0.0,-4.9,32171,1.903932,pass,pass,088c70f,67be3d785359,1,2,SlimeVolley scalar search candidate 9/16 against builtin; no structural policy code changed.,No failure observed.,Select scalar config on development seeds using average opponent score with mean - 0 * std per opponent.
2026-05-25T20:03:38+00:00,SlimeVolley-v0,tuned,random,v0,random policy,scalar/config tuning,dev,6000,6050,50,1.5,2.3516,2,-4,5,38,12,0,0.76,1.5,33748,2.400447,pass,pass,088c70f,67be3d785359,1,2,SlimeVolley scalar search candidate 9/16 against random; no structural policy code changed.,No failure observed.,Select scalar config on development seeds using average opponent score with mean - 0 * std per opponent.
2026-05-25T20:03:41+00:00,SlimeVolley-v0,tuned,initial,v0,frozen heuristic,scalar/config tuning,dev,6000,6050,50,-0.32,2.61105,-1,-5,5,22,28,0,0.44,-0.32,37475,2.397574,pass,pass,088c70f,67be3d785359,1,2,SlimeVolley scalar search candidate 9/16 against initial; no structural policy code changed.,No failure observed.,Select scalar config on development seeds using average opponent score with mean - 0 * std per opponent.
2026-05-25T20:03:44+00:00,SlimeVolley-v0,tuned,improved-v0,v0,archived heuristic,scalar/config tuning,dev,6000,6050,50,-0.14,2.55351,0,-5,5,25,25,0,0.5,-0.14,38545,2.465355,pass,pass,088c70f,67be3d785359,1,2,SlimeVolley scalar search candidate 9/16 against improved-v0; no structural policy code changed.,No failure observed.,Select scalar config on development seeds using average opponent score with mean - 0 * std per opponent.
2026-05-25T20:03:46+00:00,SlimeVolley-v0,tuned,improved-v2,v2,archived heuristic,scalar/config tuning,dev,6000,6050,50,-2.68,1.902,-3,-5,3,5,45,0,0.1,-2.68,39807,2.514955,pass,pass,088c70f,67be3d785359,1,2,SlimeVolley scalar search candidate 9/16 against improved-v2; no structural policy code changed.,No failure observed.,Select scalar config on development seeds using average opponent score with mean - 0 * std per opponent.
2026-05-25T20:03:48+00:00,SlimeVolley-v0,tuned,builtin,slimevolleygym-baseline-rnn,built-in baseline,scalar/config tuning,dev,6000,6050,50,-4.88,0.474974,-5,-5,-2,0,50,0,0.0,-4.88,35129,2.063583,pass,pass,088c70f,67be3d785359,1,2,SlimeVolley scalar search candidate 10/16 against builtin; no structural policy code changed.,No failure observed.,Select scalar config on development seeds using average opponent score with mean - 0 * std per opponent.
2026-05-25T20:03:51+00:00,SlimeVolley-v0,tuned,random,v0,random policy,scalar/config tuning,dev,6000,6050,50,2.44,2.32517,3,-4,5,43,7,0,0.86,2.44,34284,2.49942,pass,pass,088c70f,67be3d785359,1,2,SlimeVolley scalar search candidate 10/16 against random; no structural policy code changed.,No failure observed.,Select scalar config on development seeds using average opponent score with mean - 0 * std per opponent.
2026-05-25T20:03:54+00:00,SlimeVolley-v0,tuned,initial,v0,frozen heuristic,scalar/config tuning,dev,6000,6050,50,0.72,2.60031,2,-5,5,32,18,0,0.64,0.72,39903,2.570817,pass,pass,088c70f,67be3d785359,1,2,SlimeVolley scalar search candidate 10/16 against initial; no structural policy code changed.,No failure observed.,Select scalar config on development seeds using average opponent score with mean - 0 * std per opponent.
2026-05-25T20:03:57+00:00,SlimeVolley-v0,tuned,improved-v0,v0,archived heuristic,scalar/config tuning,dev,6000,6050,50,0.84,2.65601,2,-5,5,32,18,0,0.64,0.84,40002,2.629555,pass,pass,088c70f,67be3d785359,1,2,SlimeVolley scalar search candidate 10/16 against improved-v0; no structural policy code changed.,No failure observed.,Select scalar config on development seeds using average opponent score with mean - 0 * std per opponent.
2026-05-25T20:04:00+00:00,SlimeVolley-v0,tuned,improved-v2,v2,archived heuristic,scalar/config tuning,dev,6000,6050,50,-1.84,2.09151,-2.5,-5,3,10,40,0,0.2,-1.84,45578,3.012861,pass,pass,088c70f,67be3d785359,1,2,SlimeVolley scalar search candidate 10/16 against improved-v2; no structural policy code changed.,No failure observed.,Select scalar config on development seeds using average opponent score with mean - 0 * std per opponent.
2026-05-25T20:04:02+00:00,SlimeVolley-v0,tuned,builtin,slimevolleygym-baseline-rnn,built-in baseline,scalar/config tuning,dev,6000,6050,50,-4.9,0.458258,-5,-5,-2,0,50,0,0.0,-4.9,33512,1.949926,pass,pass,088c70f,67be3d785359,1,2,SlimeVolley scalar search candidate 11/16 against builtin; no structural policy code changed.,No failure observed.,Select scalar config on development seeds using average opponent score with mean - 0 * std per opponent.
2026-05-25T20:04:05+00:00,SlimeVolley-v0,tuned,random,v0,random policy,scalar/config tuning,dev,6000,6050,50,1.6,2.38328,2,-4,5,37,13,0,0.74,1.6,35440,2.632704,pass,pass,088c70f,67be3d785359,1,2,SlimeVolley scalar search candidate 11/16 against random; no structural policy code changed.,No failure observed.,Select scalar config on development seeds using average opponent score with mean - 0 * std per opponent.
2026-05-25T20:04:08+00:00,SlimeVolley-v0,tuned,initial,v0,frozen heuristic,scalar/config tuning,dev,6000,6050,50,-0.1,2.66271,0,-5,5,25,25,0,0.5,-0.1,39322,2.541047,pass,pass,088c70f,67be3d785359,1,2,SlimeVolley scalar search candidate 11/16 against initial; no structural policy code changed.,No failure observed.,Select scalar config on development seeds using average opponent score with mean - 0 * std per opponent.
2026-05-25T20:04:10+00:00,SlimeVolley-v0,tuned,improved-v0,v0,archived heuristic,scalar/config tuning,dev,6000,6050,50,0.16,2.60277,1,-5,5,29,21,0,0.58,0.16,40176,2.576838,pass,pass,088c70f,67be3d785359,1,2,SlimeVolley scalar search candidate 11/16 against improved-v0; no structural policy code changed.,No failure observed.,Select scalar config on development seeds using average opponent score with mean - 0 * std per opponent.
2026-05-25T20:04:13+00:00,SlimeVolley-v0,tuned,improved-v2,v2,archived heuristic,scalar/config tuning,dev,6000,6050,50,-2.2,2,-3,-5,3,7,43,0,0.14,-2.2,43280,2.814903,pass,pass,088c70f,67be3d785359,1,2,SlimeVolley scalar search candidate 11/16 against improved-v2; no structural policy code changed.,No failure observed.,Select scalar config on development seeds using average opponent score with mean - 0 * std per opponent.
2026-05-25T20:04:15+00:00,SlimeVolley-v0,tuned,builtin,slimevolleygym-baseline-rnn,built-in baseline,scalar/config tuning,dev,6000,6050,50,-4.9,0.458258,-5,-5,-2,0,50,0,0.0,-4.9,32236,1.921131,pass,pass,088c70f,67be3d785359,1,2,SlimeVolley scalar search candidate 12/16 against builtin; no structural policy code changed.,No failure observed.,Select scalar config on development seeds using average opponent score with mean - 0 * std per opponent.
2026-05-25T20:04:18+00:00,SlimeVolley-v0,tuned,random,v0,random policy,scalar/config tuning,dev,6000,6050,50,1.5,2.3516,2,-4,5,38,12,0,0.76,1.5,33960,2.484652,pass,pass,088c70f,67be3d785359,1,2,SlimeVolley scalar search candidate 12/16 against random; no structural policy code changed.,No failure observed.,Select scalar config on development seeds using average opponent score with mean - 0 * std per opponent.
2026-05-25T20:04:21+00:00,SlimeVolley-v0,tuned,initial,v0,frozen heuristic,scalar/config tuning,dev,6000,6050,50,-0.44,2.5625,-1,-5,4,22,28,0,0.44,-0.44,37890,2.45857,pass,pass,088c70f,67be3d785359,1,2,SlimeVolley scalar search candidate 12/16 against initial; no structural policy code changed.,No failure observed.,Select scalar config on development seeds using average opponent score with mean - 0 * std per opponent.
2026-05-25T20:04:23+00:00,SlimeVolley-v0,tuned,improved-v0,v0,archived heuristic,scalar/config tuning,dev,6000,6050,50,-0.4,2.5923,-1,-5,4,23,27,0,0.46,-0.4,38201,2.48624,pass,pass,088c70f,67be3d785359,1,2,SlimeVolley scalar search candidate 12/16 against improved-v0; no structural policy code changed.,No failure observed.,Select scalar config on development seeds using average opponent score with mean - 0 * std per opponent.
2026-05-25T20:04:26+00:00,SlimeVolley-v0,tuned,improved-v2,v2,archived heuristic,scalar/config tuning,dev,6000,6050,50,-2.72,1.83347,-3,-5,3,4,46,0,0.08,-2.72,39831,2.675112,pass,pass,088c70f,67be3d785359,1,2,SlimeVolley scalar search candidate 12/16 against improved-v2; no structural policy code changed.,No failure observed.,Select scalar config on development seeds using average opponent score with mean - 0 * std per opponent.
2026-05-25T20:04:28+00:00,SlimeVolley-v0,tuned,builtin,slimevolleygym-baseline-rnn,built-in baseline,scalar/config tuning,dev,6000,6050,50,-4.86,0.529528,-5,-5,-2,0,50,0,0.0,-4.86,35588,2.038266,pass,pass,088c70f,67be3d785359,1,2,SlimeVolley scalar search candidate 13/16 against builtin; no structural policy code changed.,No failure observed.,Select scalar config on development seeds using average opponent score with mean - 0 * std per opponent.
2026-05-25T20:04:31+00:00,SlimeVolley-v0,tuned,random,v0,random policy,scalar/config tuning,dev,6000,6050,50,2.42,2.23687,3,-3,5,44,6,0,0.88,2.42,34298,2.462454,pass,pass,088c70f,67be3d785359,1,2,SlimeVolley scalar search candidate 13/16 against random; no structural policy code changed.,No failure observed.,Select scalar config on development seeds using average opponent score with mean - 0 * std per opponent.
2026-05-25T20:04:34+00:00,SlimeVolley-v0,tuned,initial,v0,frozen heuristic,scalar/config tuning,dev,6000,6050,50,0.82,2.50352,2,-5,5,32,18,0,0.64,0.82,40508,2.634804,pass,pass,088c70f,67be3d785359,1,2,SlimeVolley scalar search candidate 13/16 against initial; no structural policy code changed.,No failure observed.,Select scalar config on development seeds using average opponent score with mean - 0 * std per opponent.
2026-05-25T20:04:37+00:00,SlimeVolley-v0,tuned,improved-v0,v0,archived heuristic,scalar/config tuning,dev,6000,6050,50,1.1,2.5,2,-5,5,35,15,0,0.7,1.1,40529,2.635039,pass,pass,088c70f,67be3d785359,1,2,SlimeVolley scalar search candidate 13/16 against improved-v0; no structural policy code changed.,No failure observed.,Select scalar config on development seeds using average opponent score with mean - 0 * std per opponent.
2026-05-25T20:04:40+00:00,SlimeVolley-v0,tuned,improved-v2,v2,archived heuristic,scalar/config tuning,dev,6000,6050,50,-1.86,2.04949,-2,-5,3,8,42,0,0.16,-1.86,46271,3.056208,pass,pass,088c70f,67be3d785359,1,2,SlimeVolley scalar search candidate 13/16 against improved-v2; no structural policy code changed.,No failure observed.,Select scalar config on development seeds using average opponent score with mean - 0 * std per opponent.
2026-05-25T20:04:42+00:00,SlimeVolley-v0,tuned,builtin,slimevolleygym-baseline-rnn,built-in baseline,scalar/config tuning,dev,6000,6050,50,-4.9,0.458258,-5,-5,-2,0,50,0,0.0,-4.9,33666,1.994173,pass,pass,088c70f,67be3d785359,1,2,SlimeVolley scalar search candidate 14/16 against builtin; no structural policy code changed.,No failure observed.,Select scalar config on development seeds using average opponent score with mean - 0 * std per opponent.
2026-05-25T20:04:45+00:00,SlimeVolley-v0,tuned,random,v0,random policy,scalar/config tuning,dev,6000,6050,50,1.68,2.38696,2,-4,5,37,13,0,0.74,1.68,35055,2.529418,pass,pass,088c70f,67be3d785359,1,2,SlimeVolley scalar search candidate 14/16 against random; no structural policy code changed.,No failure observed.,Select scalar config on development seeds using average opponent score with mean - 0 * std per opponent.
2026-05-25T20:04:48+00:00,SlimeVolley-v0,tuned,initial,v0,frozen heuristic,scalar/config tuning,dev,6000,6050,50,0.06,2.70858,1,-5,5,26,24,0,0.52,0.06,39086,2.556356,pass,pass,088c70f,67be3d785359,1,2,SlimeVolley scalar search candidate 14/16 against initial; no structural policy code changed.,No failure observed.,Select scalar config on development seeds using average opponent score with mean - 0 * std per opponent.
2026-05-25T20:04:51+00:00,SlimeVolley-v0,tuned,improved-v0,v0,archived heuristic,scalar/config tuning,dev,6000,6050,50,0.26,2.6744,1,-5,5,29,21,0,0.58,0.26,39726,2.608513,pass,pass,088c70f,67be3d785359,1,2,SlimeVolley scalar search candidate 14/16 against improved-v0; no structural policy code changed.,No failure observed.,Select scalar config on development seeds using average opponent score with mean - 0 * std per opponent.
2026-05-25T20:04:54+00:00,SlimeVolley-v0,tuned,improved-v2,v2,archived heuristic,scalar/config tuning,dev,6000,6050,50,-2.1,2.17486,-3,-5,3,8,42,0,0.16,-2.1,43228,2.729345,pass,pass,088c70f,67be3d785359,1,2,SlimeVolley scalar search candidate 14/16 against improved-v2; no structural policy code changed.,No failure observed.,Select scalar config on development seeds using average opponent score with mean - 0 * std per opponent.
2026-05-25T20:04:56+00:00,SlimeVolley-v0,tuned,builtin,slimevolleygym-baseline-rnn,built-in baseline,scalar/config tuning,dev,6000,6050,50,-4.9,0.458258,-5,-5,-2,0,50,0,0.0,-4.9,32838,1.847004,pass,pass,088c70f,67be3d785359,1,2,SlimeVolley scalar search candidate 15/16 against builtin; no structural policy code changed.,No failure observed.,Select scalar config on development seeds using average opponent score with mean - 0 * std per opponent.
2026-05-25T20:04:58+00:00,SlimeVolley-v0,tuned,random,v0,random policy,scalar/config tuning,dev,6000,6050,50,1.38,2.42396,2,-4,5,36,14,0,0.72,1.38,34184,2.406265,pass,pass,088c70f,67be3d785359,1,2,SlimeVolley scalar search candidate 15/16 against random; no structural policy code changed.,No failure observed.,Select scalar config on development seeds using average opponent score with mean - 0 * std per opponent.
2026-05-25T20:05:01+00:00,SlimeVolley-v0,tuned,initial,v0,frozen heuristic,scalar/config tuning,dev,6000,6050,50,-0.3,2.62488,-1,-5,5,22,28,0,0.44,-0.3,37922,2.39448,pass,pass,088c70f,67be3d785359,1,2,SlimeVolley scalar search candidate 15/16 against initial; no structural policy code changed.,No failure observed.,Select scalar config on development seeds using average opponent score with mean - 0 * std per opponent.
2026-05-25T20:05:03+00:00,SlimeVolley-v0,tuned,improved-v0,v0,archived heuristic,scalar/config tuning,dev,6000,6050,50,-0.18,2.62823,-1,-5,5,24,26,0,0.48,-0.18,38489,2.395372,pass,pass,088c70f,67be3d785359,1,2,SlimeVolley scalar search candidate 15/16 against improved-v0; no structural policy code changed.,No failure observed.,Select scalar config on development seeds using average opponent score with mean - 0 * std per opponent.
2026-05-25T20:05:06+00:00,SlimeVolley-v0,tuned,improved-v2,v2,archived heuristic,scalar/config tuning,dev,6000,6050,50,-2.48,2.05173,-3,-5,3,6,44,0,0.12,-2.48,40632,2.542205,pass,pass,088c70f,67be3d785359,1,2,SlimeVolley scalar search candidate 15/16 against improved-v2; no structural policy code changed.,No failure observed.,Select scalar config on development seeds using average opponent score with mean - 0 * std per opponent.
2026-05-25T20:05:08+00:00,SlimeVolley-v0,tuned,builtin,slimevolleygym-baseline-rnn,built-in baseline,scalar/config tuning,dev,6000,6050,50,-4.9,0.458258,-5,-5,-2,0,50,0,0.0,-4.9,35117,2.020359,pass,pass,088c70f,67be3d785359,1,2,SlimeVolley scalar search candidate 16/16 against builtin; no structural policy code changed.,No failure observed.,Select scalar config on development seeds using average opponent score with mean - 0 * std per opponent.
2026-05-25T20:05:11+00:00,SlimeVolley-v0,tuned,random,v0,random policy,scalar/config tuning,dev,6000,6050,50,2.58,2.06,3,-3,5,45,5,0,0.9,2.58,33836,2.425344,pass,pass,088c70f,67be3d785359,1,2,SlimeVolley scalar search candidate 16/16 against random; no structural policy code changed.,No failure observed.,Select scalar config on development seeds using average opponent score with mean - 0 * std per opponent.
2026-05-25T20:05:14+00:00,SlimeVolley-v0,tuned,initial,v0,frozen heuristic,scalar/config tuning,dev,6000,6050,50,0.76,2.45406,1.5,-4,5,32,18,0,0.64,0.76,39744,2.460432,pass,pass,088c70f,67be3d785359,1,2,SlimeVolley scalar search candidate 16/16 against initial; no structural policy code changed.,No failure observed.,Select scalar config on development seeds using average opponent score with mean - 0 * std per opponent.
2026-05-25T20:05:17+00:00,SlimeVolley-v0,tuned,improved-v0,v0,archived heuristic,scalar/config tuning,dev,6000,6050,50,0.92,2.52063,1.5,-5,5,33,17,0,0.66,0.92,39770,2.562283,pass,pass,088c70f,67be3d785359,1,2,SlimeVolley scalar search candidate 16/16 against improved-v0; no structural policy code changed.,No failure observed.,Select scalar config on development seeds using average opponent score with mean - 0 * std per opponent.
2026-05-25T20:05:20+00:00,SlimeVolley-v0,tuned,improved-v2,v2,archived heuristic,scalar/config tuning,dev,6000,6050,50,-1.96,2.09724,-2.5,-5,5,7,43,0,0.14,-1.96,45087,2.95682,pass,pass,088c70f,67be3d785359,1,2,SlimeVolley scalar search candidate 16/16 against improved-v2; no structural policy code changed.,No failure observed.,Select scalar config on development seeds using average opponent score with mean - 0 * std per opponent.
2026-05-25T20:06:07+00:00,SlimeVolley-v0,random,random,v0,random policy,evaluation-harness change,dev,6000,6050,50,-0.08,2.75565,-1,-4,5,22,28,0,0.44,-0.08,31420,2.291453,pass,pass,088c70f,67be3d785359,1,2,SlimeVolley round-robin tournament matchup 1/36: random vs random; no policy code changed.,No failure observed.,Use round-robin standings to detect exploitability and regressions across archived policy versions.
2026-05-25T20:06:10+00:00,SlimeVolley-v0,random,initial,v0,frozen heuristic,evaluation-harness change,dev,6000,6050,50,-1.78,2.31767,-2,-5,4,10,40,0,0.2,-1.78,34134,2.350211,pass,pass,088c70f,67be3d785359,1,2,SlimeVolley round-robin tournament matchup 2/36: random vs initial; no policy code changed.,No failure observed.,Use round-robin standings to detect exploitability and regressions across archived policy versions.
2026-05-25T20:06:13+00:00,SlimeVolley-v0,random,improved-v0,v0,archived heuristic,evaluation-harness change,dev,6000,6050,50,-1.76,2.4377,-2,-5,3,13,37,0,0.26,-1.76,33731,2.391649,pass,pass,088c70f,67be3d785359,1,2,SlimeVolley round-robin tournament matchup 3/36: random vs improved-v0; no policy code changed.,No failure observed.,Use round-robin standings to detect exploitability and regressions across archived policy versions.
2026-05-25T20:06:15+00:00,SlimeVolley-v0,random,improved-v1,v1,archived heuristic,evaluation-harness change,dev,6000,6050,50,-3.24,1.3937,-3.5,-5,3,1,49,0,0.02,-3.24,34147,2.388454,pass,pass,088c70f,67be3d785359,1,2,SlimeVolley round-robin tournament matchup 4/36: random vs improved-v1; no policy code changed.,No failure observed.,Use round-robin standings to detect exploitability and regressions across archived policy versions.
2026-05-25T20:06:18+00:00,SlimeVolley-v0,random,improved-v2,v2,archived heuristic,evaluation-harness change,dev,6000,6050,50,-3.24,1.3937,-3.5,-5,3,1,49,0,0.02,-3.24,34147,2.480471,pass,pass,088c70f,67be3d785359,1,2,SlimeVolley round-robin tournament matchup 5/36: random vs improved-v2; no policy code changed.,No failure observed.,Use round-robin standings to detect exploitability and regressions across archived policy versions.
2026-05-25T20:06:21+00:00,SlimeVolley-v0,random,improved,current,current heuristic,evaluation-harness change,dev,6000,6050,50,-3.6,1.32665,-4,-5,3,1,49,0,0.02,-3.6,33212,2.327454,pass,pass,088c70f,67be3d785359,1,2,SlimeVolley round-robin tournament matchup 6/36: random vs improved; no policy code changed.,No failure observed.,Use round-robin standings to detect exploitability and regressions across archived policy versions.
2026-05-25T20:06:23+00:00,SlimeVolley-v0,initial,random,v0,random policy,evaluation-harness change,dev,6000,6050,50,1.68,2.38696,2,-4,5,37,13,0,0.74,1.68,35055,2.388744,pass,pass,088c70f,67be3d785359,1,2,SlimeVolley round-robin tournament matchup 7/36: initial vs random; no policy code changed.,No failure observed.,Use round-robin standings to detect exploitability and regressions across archived policy versions.
2026-05-25T20:06:26+00:00,SlimeVolley-v0,initial,initial,v0,frozen heuristic,evaluation-harness change,dev,6000,6050,50,0.06,2.70858,1,-5,5,26,24,0,0.52,0.06,39086,2.40257,pass,pass,088c70f,67be3d785359,1,2,SlimeVolley round-robin tournament matchup 8/36: initial vs initial; no policy code changed.,No failure observed.,Use round-robin standings to detect exploitability and regressions across archived policy versions.
2026-05-25T20:06:29+00:00,SlimeVolley-v0,initial,improved-v0,v0,archived heuristic,evaluation-harness change,dev,6000,6050,50,0.26,2.6744,1,-5,5,29,21,0,0.58,0.26,39726,2.456735,pass,pass,088c70f,67be3d785359,1,2,SlimeVolley round-robin tournament matchup 9/36: initial vs improved-v0; no policy code changed.,No failure observed.,Use round-robin standings to detect exploitability and regressions across archived policy versions.
2026-05-25T20:06:32+00:00,SlimeVolley-v0,initial,improved-v1,v1,archived heuristic,evaluation-harness change,dev,6000,6050,50,-2.1,2.17486,-3,-5,3,8,42,0,0.16,-2.1,43228,2.742501,pass,pass,088c70f,67be3d785359,1,2,SlimeVolley round-robin tournament matchup 10/36: initial vs improved-v1; no policy code changed.,No failure observed.,Use round-robin standings to detect exploitability and regressions across archived policy versions.
2026-05-25T20:06:35+00:00,SlimeVolley-v0,initial,improved-v2,v2,archived heuristic,evaluation-harness change,dev,6000,6050,50,-2.1,2.17486,-3,-5,3,8,42,0,0.16,-2.1,43228,2.744554,pass,pass,088c70f,67be3d785359,1,2,SlimeVolley round-robin tournament matchup 11/36: initial vs improved-v2; no policy code changed.,No failure observed.,Use round-robin standings to detect exploitability and regressions across archived policy versions.
2026-05-25T20:06:38+00:00,SlimeVolley-v0,initial,improved,current,current heuristic,evaluation-harness change,dev,6000,6050,50,-3.4,1.44222,-4,-5,3,2,48,0,0.04,-3.4,41314,2.628344,pass,pass,088c70f,67be3d785359,1,2,SlimeVolley round-robin tournament matchup 12/36: initial vs improved; no policy code changed.,No failure observed.,Use round-robin standings to detect exploitability and regressions across archived policy versions.
2026-05-25T20:06:40+00:00,SlimeVolley-v0,improved-v0,random,v0,random policy,evaluation-harness change,dev,6000,6050,50,1.88,2.27719,2,-4,5,40,10,0,0.8,1.88,34750,2.415998,pass,pass,088c70f,67be3d785359,1,2,SlimeVolley round-robin tournament matchup 13/36: improved-v0 vs random; no policy code changed.,No failure observed.,Use round-robin standings to detect exploitability and regressions across archived policy versions.
2026-05-25T20:06:43+00:00,SlimeVolley-v0,improved-v0,initial,v0,frozen heuristic,evaluation-harness change,dev,6000,6050,50,-0.04,2.62267,-1,-4,5,23,27,0,0.46,-0.04,39156,2.507357,pass,pass,088c70f,67be3d785359,1,2,SlimeVolley round-robin tournament matchup 14/36: improved-v0 vs initial; no policy code changed.,No failure observed.,Use round-robin standings to detect exploitability and regressions across archived policy versions.
2026-05-25T20:06:46+00:00,SlimeVolley-v0,improved-v0,improved-v0,v0,archived heuristic,evaluation-harness change,dev,6000,6050,50,0.28,2.7571,1,-5,5,27,23,0,0.54,0.28,38913,2.431232,pass,pass,088c70f,67be3d785359,1,2,SlimeVolley round-robin tournament matchup 15/36: improved-v0 vs improved-v0; no policy code changed.,No failure observed.,Use round-robin standings to detect exploitability and regressions across archived policy versions.
2026-05-25T20:06:49+00:00,SlimeVolley-v0,improved-v0,improved-v1,v1,archived heuristic,evaluation-harness change,dev,6000,6050,50,-2.44,2.21955,-3,-5,4,6,44,0,0.12,-2.44,40898,2.554573,pass,pass,088c70f,67be3d785359,1,2,SlimeVolley round-robin tournament matchup 16/36: improved-v0 vs improved-v1; no policy code changed.,No failure observed.,Use round-robin standings to detect exploitability and regressions across archived policy versions.
2026-05-25T20:06:51+00:00,SlimeVolley-v0,improved-v0,improved-v2,v2,archived heuristic,evaluation-harness change,dev,6000,6050,50,-2.44,2.21955,-3,-5,4,6,44,0,0.12,-2.44,40898,2.614673,pass,pass,088c70f,67be3d785359,1,2,SlimeVolley round-robin tournament matchup 17/36: improved-v0 vs improved-v2; no policy code changed.,No failure observed.,Use round-robin standings to detect exploitability and regressions across archived policy versions.
2026-05-25T20:06:54+00:00,SlimeVolley-v0,improved-v0,improved,current,current heuristic,evaluation-harness change,dev,6000,6050,50,-3.48,1.5263,-4,-5,3,2,48,0,0.04,-3.48,40271,2.521697,pass,pass,088c70f,67be3d785359,1,2,SlimeVolley round-robin tournament matchup 18/36: improved-v0 vs improved; no policy code changed.,No failure observed.,Use round-robin standings to detect exploitability and regressions across archived policy versions.
2026-05-25T20:06:57+00:00,SlimeVolley-v0,improved-v1,random,v0,random policy,evaluation-harness change,dev,6000,6050,50,3.02,1.63083,3,-2,5,47,3,0,0.94,3.02,35473,2.49202,pass,pass,088c70f,67be3d785359,1,2,SlimeVolley round-robin tournament matchup 19/36: improved-v1 vs random; no policy code changed.,No failure observed.,Use round-robin standings to detect exploitability and regressions across archived policy versions.
2026-05-25T20:07:00+00:00,SlimeVolley-v0,improved-v1,initial,v0,frozen heuristic,evaluation-harness change,dev,6000,6050,50,2,2.14476,2,-3,5,40,10,0,0.8,2.0,42691,2.672167,pass,pass,088c70f,67be3d785359,1,2,SlimeVolley round-robin tournament matchup 20/36: improved-v1 vs initial; no policy code changed.,No failure observed.,Use round-robin standings to detect exploitability and regressions across archived policy versions.
2026-05-25T20:07:03+00:00,SlimeVolley-v0,improved-v1,improved-v0,v0,archived heuristic,evaluation-harness change,dev,6000,6050,50,2.62,1.79878,3,-2,5,45,5,0,0.9,2.62,41377,2.588463,pass,pass,088c70f,67be3d785359,1,2,SlimeVolley round-robin tournament matchup 21/36: improved-v1 vs improved-v0; no policy code changed.,No failure observed.,Use round-robin standings to detect exploitability and regressions across archived policy versions.
2026-05-25T20:07:07+00:00,SlimeVolley-v0,improved-v1,improved-v1,v1,archived heuristic,evaluation-harness change,dev,6000,6050,50,0.22,2.78058,1,-5,5,27,23,0,0.54,0.22,56688,3.561982,pass,pass,088c70f,67be3d785359,1,2,SlimeVolley round-robin tournament matchup 22/36: improved-v1 vs improved-v1; no policy code changed.,No failure observed.,Use round-robin standings to detect exploitability and regressions across archived policy versions.
2026-05-25T20:07:11+00:00,SlimeVolley-v0,improved-v1,improved-v2,v2,archived heuristic,evaluation-harness change,dev,6000,6050,50,0.22,2.78058,1,-5,5,27,23,0,0.54,0.22,56688,3.607374,pass,pass,088c70f,67be3d785359,1,2,SlimeVolley round-robin tournament matchup 23/36: improved-v1 vs improved-v2; no policy code changed.,No failure observed.,Use round-robin standings to detect exploitability and regressions across archived policy versions.
2026-05-25T20:07:15+00:00,SlimeVolley-v0,improved-v1,improved,current,current heuristic,evaluation-harness change,dev,6000,6050,50,-2.78,1.97271,-3,-5,3,6,44,0,0.12,-2.78,61447,3.947774,pass,pass,088c70f,67be3d785359,1,2,SlimeVolley round-robin tournament matchup 24/36: improved-v1 vs improved; no policy code changed.,No failure observed.,Use round-robin standings to detect exploitability and regressions across archived policy versions.
2026-05-25T20:07:18+00:00,SlimeVolley-v0,improved-v2,random,v0,random policy,evaluation-harness change,dev,6000,6050,50,3.02,1.63083,3,-2,5,47,3,0,0.94,3.02,35473,2.542002,pass,pass,088c70f,67be3d785359,1,2,SlimeVolley round-robin tournament matchup 25/36: improved-v2 vs random; no policy code changed.,No failure observed.,Use round-robin standings to detect exploitability and regressions across archived policy versions.
2026-05-25T20:07:21+00:00,SlimeVolley-v0,improved-v2,initial,v0,frozen heuristic,evaluation-harness change,dev,6000,6050,50,2,2.14476,2,-3,5,40,10,0,0.8,2.0,42691,2.71434,pass,pass,088c70f,67be3d785359,1,2,SlimeVolley round-robin tournament matchup 26/36: improved-v2 vs initial; no policy code changed.,No failure observed.,Use round-robin standings to detect exploitability and regressions across archived policy versions.
2026-05-25T20:07:24+00:00,SlimeVolley-v0,improved-v2,improved-v0,v0,archived heuristic,evaluation-harness change,dev,6000,6050,50,2.62,1.79878,3,-2,5,45,5,0,0.9,2.62,41377,2.629964,pass,pass,088c70f,67be3d785359,1,2,SlimeVolley round-robin tournament matchup 27/36: improved-v2 vs improved-v0; no policy code changed.,No failure observed.,Use round-robin standings to detect exploitability and regressions across archived policy versions.
2026-05-25T20:07:28+00:00,SlimeVolley-v0,improved-v2,improved-v1,v1,archived heuristic,evaluation-harness change,dev,6000,6050,50,0.22,2.78058,1,-5,5,27,23,0,0.54,0.22,56688,3.629414,pass,pass,088c70f,67be3d785359,1,2,SlimeVolley round-robin tournament matchup 28/36: improved-v2 vs improved-v1; no policy code changed.,No failure observed.,Use round-robin standings to detect exploitability and regressions across archived policy versions.
2026-05-25T20:07:32+00:00,SlimeVolley-v0,improved-v2,improved-v2,v2,archived heuristic,evaluation-harness change,dev,6000,6050,50,0.22,2.78058,1,-5,5,27,23,0,0.54,0.22,56688,3.599758,pass,pass,088c70f,67be3d785359,1,2,SlimeVolley round-robin tournament matchup 29/36: improved-v2 vs improved-v2; no policy code changed.,No failure observed.,Use round-robin standings to detect exploitability and regressions across archived policy versions.
2026-05-25T20:07:36+00:00,SlimeVolley-v0,improved-v2,improved,current,current heuristic,evaluation-harness change,dev,6000,6050,50,-2.78,1.97271,-3,-5,3,6,44,0,0.12,-2.78,61447,3.96754,pass,pass,088c70f,67be3d785359,1,2,SlimeVolley round-robin tournament matchup 30/36: improved-v2 vs improved; no policy code changed.,No failure observed.,Use round-robin standings to detect exploitability and regressions across archived policy versions.
2026-05-25T20:07:39+00:00,SlimeVolley-v0,improved,random,v0,random policy,evaluation-harness change,dev,6000,6050,50,3.6,1.09545,4,1,5,50,0,0,1.0,3.6,35007,2.488081,pass,pass,088c70f,67be3d785359,1,2,SlimeVolley round-robin tournament matchup 31/36: improved vs random; no policy code changed.,No failure observed.,Use round-robin standings to detect exploitability and regressions across archived policy versions.
2026-05-25T20:07:42+00:00,SlimeVolley-v0,improved,initial,v0,frozen heuristic,evaluation-harness change,dev,6000,6050,50,3.36,1.58442,4,-3,5,48,2,0,0.96,3.36,41858,2.611598,pass,pass,088c70f,67be3d785359,1,2,SlimeVolley round-robin tournament matchup 32/36: improved vs initial; no policy code changed.,No failure observed.,Use round-robin standings to detect exploitability and regressions across archived policy versions.
2026-05-25T20:07:45+00:00,SlimeVolley-v0,improved,improved-v0,v0,archived heuristic,evaluation-harness change,dev,6000,6050,50,3.54,1.16979,4,1,5,50,0,0,1.0,3.54,40592,2.617105,pass,pass,088c70f,67be3d785359,1,2,SlimeVolley round-robin tournament matchup 33/36: improved vs improved-v0; no policy code changed.,No failure observed.,Use round-robin standings to detect exploitability and regressions across archived policy versions.
2026-05-25T20:07:49+00:00,SlimeVolley-v0,improved,improved-v1,v1,archived heuristic,evaluation-harness change,dev,6000,6050,50,2.9,1.74642,3,-3,5,47,3,0,0.94,2.9,58900,3.879944,pass,pass,088c70f,67be3d785359,1,2,SlimeVolley round-robin tournament matchup 34/36: improved vs improved-v1; no policy code changed.,No failure observed.,Use round-robin standings to detect exploitability and regressions across archived policy versions.
2026-05-25T20:07:53+00:00,SlimeVolley-v0,improved,improved-v2,v2,archived heuristic,evaluation-harness change,dev,6000,6050,50,2.9,1.74642,3,-3,5,47,3,0,0.94,2.9,58900,3.879449,pass,pass,088c70f,67be3d785359,1,2,SlimeVolley round-robin tournament matchup 35/36: improved vs improved-v2; no policy code changed.,No failure observed.,Use round-robin standings to detect exploitability and regressions across archived policy versions.
2026-05-25T20:08:02+00:00,SlimeVolley-v0,improved,improved,current,current heuristic,evaluation-harness change,dev,6000,6050,50,0.26,2.30486,0,-4,5,24,21,5,0.48,0.26,124490,8.182071,pass,pass,088c70f,67be3d785359,1,2,SlimeVolley round-robin tournament matchup 36/36: improved vs improved; no policy code changed.,No failure observed.,Use round-robin standings to detect exploitability and regressions across archived policy versions.
2026-05-25T20:16:56+00:00,SlimeVolley-v0,improved,builtin,slimevolleygym-baseline-rnn,built-in baseline,structural policy improvement,dev,6000,6050,50,-4.24,1.01114,-5,-5,0,0,49,1,0.0,-4.24,113517,8.131438,pass,pass,088c70f,009099a9ce16,2,10,Structural policy improvement: archive improved-v3 and add rear_wall_recovery mode for low far-right built-in losses.,Development trace diagnosis found most built-in point losses with low ball_y near the rear wall while the agent was airborne; rear_wall_recovery moves off the wall and suppresses late airborne jumps.,"Compare built-in score and archived-opponent robustness on generation-3 development seeds; keep, revise, or roll back based on evidence."
2026-05-25T20:17:16+00:00,SlimeVolley-v0,random,random,v0,random policy,evaluation-harness change,dev,6000,6050,50,-0.08,2.75565,-1,-4,5,22,28,0,0.44,-0.08,31420,2.480471,pass,pass,088c70f,009099a9ce16,2,10,SlimeVolley round-robin tournament matchup 1/49: random vs random; no policy code changed.,No failure observed.,Use round-robin standings to detect exploitability and regressions across archived policy versions.
2026-05-25T20:17:19+00:00,SlimeVolley-v0,random,initial,v0,frozen heuristic,evaluation-harness change,dev,6000,6050,50,-1.78,2.31767,-2,-5,4,10,40,0,0.2,-1.78,34134,2.51858,pass,pass,088c70f,009099a9ce16,2,10,SlimeVolley round-robin tournament matchup 2/49: random vs initial; no policy code changed.,No failure observed.,Use round-robin standings to detect exploitability and regressions across archived policy versions.
2026-05-25T20:17:22+00:00,SlimeVolley-v0,random,improved-v0,v0,archived heuristic,evaluation-harness change,dev,6000,6050,50,-1.76,2.4377,-2,-5,3,13,37,0,0.26,-1.76,33731,2.535109,pass,pass,088c70f,009099a9ce16,2,10,SlimeVolley round-robin tournament matchup 3/49: random vs improved-v0; no policy code changed.,No failure observed.,Use round-robin standings to detect exploitability and regressions across archived policy versions.
2026-05-25T20:17:25+00:00,SlimeVolley-v0,random,improved-v1,v1,archived heuristic,evaluation-harness change,dev,6000,6050,50,-3.24,1.3937,-3.5,-5,3,1,49,0,0.02,-3.24,34147,2.655696,pass,pass,088c70f,009099a9ce16,2,10,SlimeVolley round-robin tournament matchup 4/49: random vs improved-v1; no policy code changed.,No failure observed.,Use round-robin standings to detect exploitability and regressions across archived policy versions.
2026-05-25T20:17:28+00:00,SlimeVolley-v0,random,improved-v2,v2,archived heuristic,evaluation-harness change,dev,6000,6050,50,-3.24,1.3937,-3.5,-5,3,1,49,0,0.02,-3.24,34147,2.586219,pass,pass,088c70f,009099a9ce16,2,10,SlimeVolley round-robin tournament matchup 5/49: random vs improved-v2; no policy code changed.,No failure observed.,Use round-robin standings to detect exploitability and regressions across archived policy versions.
2026-05-25T20:17:31+00:00,SlimeVolley-v0,random,improved-v3,v3,archived heuristic,evaluation-harness change,dev,6000,6050,50,-3.6,1.32665,-4,-5,3,1,49,0,0.02,-3.6,33212,2.610194,pass,pass,088c70f,009099a9ce16,2,10,SlimeVolley round-robin tournament matchup 6/49: random vs improved-v3; no policy code changed.,No failure observed.,Use round-robin standings to detect exploitability and regressions across archived policy versions.
2026-05-25T20:17:34+00:00,SlimeVolley-v0,random,improved,current,current heuristic,evaluation-harness change,dev,6000,6050,50,-3.6,1.32665,-4,-5,3,1,49,0,0.02,-3.6,33197,2.57988,pass,pass,088c70f,009099a9ce16,2,10,SlimeVolley round-robin tournament matchup 7/49: random vs improved; no policy code changed.,No failure observed.,Use round-robin standings to detect exploitability and regressions across archived policy versions.
2026-05-25T20:17:37+00:00,SlimeVolley-v0,initial,random,v0,random policy,evaluation-harness change,dev,6000,6050,50,1.68,2.38696,2,-4,5,37,13,0,0.74,1.68,35055,2.604224,pass,pass,088c70f,009099a9ce16,2,10,SlimeVolley round-robin tournament matchup 8/49: initial vs random; no policy code changed.,No failure observed.,Use round-robin standings to detect exploitability and regressions across archived policy versions.
2026-05-25T20:17:40+00:00,SlimeVolley-v0,initial,initial,v0,frozen heuristic,evaluation-harness change,dev,6000,6050,50,0.06,2.70858,1,-5,5,26,24,0,0.52,0.06,39086,2.601533,pass,pass,088c70f,009099a9ce16,2,10,SlimeVolley round-robin tournament matchup 9/49: initial vs initial; no policy code changed.,No failure observed.,Use round-robin standings to detect exploitability and regressions across archived policy versions.
2026-05-25T20:17:43+00:00,SlimeVolley-v0,initial,improved-v0,v0,archived heuristic,evaluation-harness change,dev,6000,6050,50,0.26,2.6744,1,-5,5,29,21,0,0.58,0.26,39726,2.686758,pass,pass,088c70f,009099a9ce16,2,10,SlimeVolley round-robin tournament matchup 10/49: initial vs improved-v0; no policy code changed.,No failure observed.,Use round-robin standings to detect exploitability and regressions across archived policy versions.
2026-05-25T20:17:46+00:00,SlimeVolley-v0,initial,improved-v1,v1,archived heuristic,evaluation-harness change,dev,6000,6050,50,-2.1,2.17486,-3,-5,3,8,42,0,0.16,-2.1,43228,2.893945,pass,pass,088c70f,009099a9ce16,2,10,SlimeVolley round-robin tournament matchup 11/49: initial vs improved-v1; no policy code changed.,No failure observed.,Use round-robin standings to detect exploitability and regressions across archived policy versions.
2026-05-25T20:17:50+00:00,SlimeVolley-v0,initial,improved-v2,v2,archived heuristic,evaluation-harness change,dev,6000,6050,50,-2.1,2.17486,-3,-5,3,8,42,0,0.16,-2.1,43228,2.867959,pass,pass,088c70f,009099a9ce16,2,10,SlimeVolley round-robin tournament matchup 12/49: initial vs improved-v2; no policy code changed.,No failure observed.,Use round-robin standings to detect exploitability and regressions across archived policy versions.
2026-05-25T20:17:53+00:00,SlimeVolley-v0,initial,improved-v3,v3,archived heuristic,evaluation-harness change,dev,6000,6050,50,-3.4,1.44222,-4,-5,3,2,48,0,0.04,-3.4,41314,2.822429,pass,pass,088c70f,009099a9ce16,2,10,SlimeVolley round-robin tournament matchup 13/49: initial vs improved-v3; no policy code changed.,No failure observed.,Use round-robin standings to detect exploitability and regressions across archived policy versions.
2026-05-25T20:17:56+00:00,SlimeVolley-v0,initial,improved,current,current heuristic,evaluation-harness change,dev,6000,6050,50,-3.4,1.44222,-4,-5,3,2,48,0,0.04,-3.4,41299,2.755589,pass,pass,088c70f,009099a9ce16,2,10,SlimeVolley round-robin tournament matchup 14/49: initial vs improved; no policy code changed.,No failure observed.,Use round-robin standings to detect exploitability and regressions across archived policy versions.
2026-05-25T20:17:59+00:00,SlimeVolley-v0,improved-v0,random,v0,random policy,evaluation-harness change,dev,6000,6050,50,1.88,2.27719,2,-4,5,40,10,0,0.8,1.88,34750,2.614873,pass,pass,088c70f,009099a9ce16,2,10,SlimeVolley round-robin tournament matchup 15/49: improved-v0 vs random; no policy code changed.,No failure observed.,Use round-robin standings to detect exploitability and regressions across archived policy versions.
2026-05-25T20:18:02+00:00,SlimeVolley-v0,improved-v0,initial,v0,frozen heuristic,evaluation-harness change,dev,6000,6050,50,-0.04,2.62267,-1,-4,5,23,27,0,0.46,-0.04,39156,2.638233,pass,pass,088c70f,009099a9ce16,2,10,SlimeVolley round-robin tournament matchup 16/49: improved-v0 vs initial; no policy code changed.,No failure observed.,Use round-robin standings to detect exploitability and regressions across archived policy versions.
2026-05-25T20:18:05+00:00,SlimeVolley-v0,improved-v0,improved-v0,v0,archived heuristic,evaluation-harness change,dev,6000,6050,50,0.28,2.7571,1,-5,5,27,23,0,0.54,0.28,38913,2.658203,pass,pass,088c70f,009099a9ce16,2,10,SlimeVolley round-robin tournament matchup 17/49: improved-v0 vs improved-v0; no policy code changed.,No failure observed.,Use round-robin standings to detect exploitability and regressions across archived policy versions.
2026-05-25T20:18:08+00:00,SlimeVolley-v0,improved-v0,improved-v1,v1,archived heuristic,evaluation-harness change,dev,6000,6050,50,-2.44,2.21955,-3,-5,4,6,44,0,0.12,-2.44,40898,2.722207,pass,pass,088c70f,009099a9ce16,2,10,SlimeVolley round-robin tournament matchup 18/49: improved-v0 vs improved-v1; no policy code changed.,No failure observed.,Use round-robin standings to detect exploitability and regressions across archived policy versions.
2026-05-25T20:18:11+00:00,SlimeVolley-v0,improved-v0,improved-v2,v2,archived heuristic,evaluation-harness change,dev,6000,6050,50,-2.44,2.21955,-3,-5,4,6,44,0,0.12,-2.44,40898,2.825037,pass,pass,088c70f,009099a9ce16,2,10,SlimeVolley round-robin tournament matchup 19/49: improved-v0 vs improved-v2; no policy code changed.,No failure observed.,Use round-robin standings to detect exploitability and regressions across archived policy versions.
2026-05-25T20:18:15+00:00,SlimeVolley-v0,improved-v0,improved-v3,v3,archived heuristic,evaluation-harness change,dev,6000,6050,50,-3.48,1.5263,-4,-5,3,2,48,0,0.04,-3.48,40271,2.681323,pass,pass,088c70f,009099a9ce16,2,10,SlimeVolley round-robin tournament matchup 20/49: improved-v0 vs improved-v3; no policy code changed.,No failure observed.,Use round-robin standings to detect exploitability and regressions across archived policy versions.
2026-05-25T20:18:18+00:00,SlimeVolley-v0,improved-v0,improved,current,current heuristic,evaluation-harness change,dev,6000,6050,50,-3.48,1.5263,-4,-5,3,2,48,0,0.04,-3.48,40256,2.75809,pass,pass,088c70f,009099a9ce16,2,10,SlimeVolley round-robin tournament matchup 21/49: improved-v0 vs improved; no policy code changed.,No failure observed.,Use round-robin standings to detect exploitability and regressions across archived policy versions.
2026-05-25T20:18:21+00:00,SlimeVolley-v0,improved-v1,random,v0,random policy,evaluation-harness change,dev,6000,6050,50,3.02,1.63083,3,-2,5,47,3,0,0.94,3.02,35473,2.712141,pass,pass,088c70f,009099a9ce16,2,10,SlimeVolley round-robin tournament matchup 22/49: improved-v1 vs random; no policy code changed.,No failure observed.,Use round-robin standings to detect exploitability and regressions across archived policy versions.
2026-05-25T20:18:24+00:00,SlimeVolley-v0,improved-v1,initial,v0,frozen heuristic,evaluation-harness change,dev,6000,6050,50,2,2.14476,2,-3,5,40,10,0,0.8,2.0,42691,2.821325,pass,pass,088c70f,009099a9ce16,2,10,SlimeVolley round-robin tournament matchup 23/49: improved-v1 vs initial; no policy code changed.,No failure observed.,Use round-robin standings to detect exploitability and regressions across archived policy versions.
2026-05-25T20:18:27+00:00,SlimeVolley-v0,improved-v1,improved-v0,v0,archived heuristic,evaluation-harness change,dev,6000,6050,50,2.62,1.79878,3,-2,5,45,5,0,0.9,2.62,41377,2.793534,pass,pass,088c70f,009099a9ce16,2,10,SlimeVolley round-robin tournament matchup 24/49: improved-v1 vs improved-v0; no policy code changed.,No failure observed.,Use round-robin standings to detect exploitability and regressions across archived policy versions.
2026-05-25T20:18:31+00:00,SlimeVolley-v0,improved-v1,improved-v1,v1,archived heuristic,evaluation-harness change,dev,6000,6050,50,0.22,2.78058,1,-5,5,27,23,0,0.54,0.22,56688,3.713848,pass,pass,088c70f,009099a9ce16,2,10,SlimeVolley round-robin tournament matchup 25/49: improved-v1 vs improved-v1; no policy code changed.,No failure observed.,Use round-robin standings to detect exploitability and regressions across archived policy versions.
2026-05-25T20:18:36+00:00,SlimeVolley-v0,improved-v1,improved-v2,v2,archived heuristic,evaluation-harness change,dev,6000,6050,50,0.22,2.78058,1,-5,5,27,23,0,0.54,0.22,56688,3.813013,pass,pass,088c70f,009099a9ce16,2,10,SlimeVolley round-robin tournament matchup 26/49: improved-v1 vs improved-v2; no policy code changed.,No failure observed.,Use round-robin standings to detect exploitability and regressions across archived policy versions.
2026-05-25T20:18:40+00:00,SlimeVolley-v0,improved-v1,improved-v3,v3,archived heuristic,evaluation-harness change,dev,6000,6050,50,-2.78,1.97271,-3,-5,3,6,44,0,0.12,-2.78,61447,4.23548,pass,pass,088c70f,009099a9ce16,2,10,SlimeVolley round-robin tournament matchup 27/49: improved-v1 vs improved-v3; no policy code changed.,No failure observed.,Use round-robin standings to detect exploitability and regressions across archived policy versions.
2026-05-25T20:18:45+00:00,SlimeVolley-v0,improved-v1,improved,current,current heuristic,evaluation-harness change,dev,6000,6050,50,-2.78,1.97271,-3,-5,3,6,44,0,0.12,-2.78,61433,4.22345,pass,pass,088c70f,009099a9ce16,2,10,SlimeVolley round-robin tournament matchup 28/49: improved-v1 vs improved; no policy code changed.,No failure observed.,Use round-robin standings to detect exploitability and regressions across archived policy versions.
2026-05-25T20:18:48+00:00,SlimeVolley-v0,improved-v2,random,v0,random policy,evaluation-harness change,dev,6000,6050,50,3.02,1.63083,3,-2,5,47,3,0,0.94,3.02,35473,2.726821,pass,pass,088c70f,009099a9ce16,2,10,SlimeVolley round-robin tournament matchup 29/49: improved-v2 vs random; no policy code changed.,No failure observed.,Use round-robin standings to detect exploitability and regressions across archived policy versions.
2026-05-25T20:18:52+00:00,SlimeVolley-v0,improved-v2,initial,v0,frozen heuristic,evaluation-harness change,dev,6000,6050,50,2,2.14476,2,-3,5,40,10,0,0.8,2.0,42691,2.892225,pass,pass,088c70f,009099a9ce16,2,10,SlimeVolley round-robin tournament matchup 30/49: improved-v2 vs initial; no policy code changed.,No failure observed.,Use round-robin standings to detect exploitability and regressions across archived policy versions.
2026-05-25T20:18:55+00:00,SlimeVolley-v0,improved-v2,improved-v0,v0,archived heuristic,evaluation-harness change,dev,6000,6050,50,2.62,1.79878,3,-2,5,45,5,0,0.9,2.62,41377,2.77935,pass,pass,088c70f,009099a9ce16,2,10,SlimeVolley round-robin tournament matchup 31/49: improved-v2 vs improved-v0; no policy code changed.,No failure observed.,Use round-robin standings to detect exploitability and regressions across archived policy versions.
2026-05-25T20:18:59+00:00,SlimeVolley-v0,improved-v2,improved-v1,v1,archived heuristic,evaluation-harness change,dev,6000,6050,50,0.22,2.78058,1,-5,5,27,23,0,0.54,0.22,56688,3.872958,pass,pass,088c70f,009099a9ce16,2,10,SlimeVolley round-robin tournament matchup 32/49: improved-v2 vs improved-v1; no policy code changed.,No failure observed.,Use round-robin standings to detect exploitability and regressions across archived policy versions.
2026-05-25T20:19:04+00:00,SlimeVolley-v0,improved-v2,improved-v2,v2,archived heuristic,evaluation-harness change,dev,6000,6050,50,0.22,2.78058,1,-5,5,27,23,0,0.54,0.22,56688,3.829521,pass,pass,088c70f,009099a9ce16,2,10,SlimeVolley round-robin tournament matchup 33/49: improved-v2 vs improved-v2; no policy code changed.,No failure observed.,Use round-robin standings to detect exploitability and regressions across archived policy versions.
2026-05-25T20:19:08+00:00,SlimeVolley-v0,improved-v2,improved-v3,v3,archived heuristic,evaluation-harness change,dev,6000,6050,50,-2.78,1.97271,-3,-5,3,6,44,0,0.12,-2.78,61447,4.146376,pass,pass,088c70f,009099a9ce16,2,10,SlimeVolley round-robin tournament matchup 34/49: improved-v2 vs improved-v3; no policy code changed.,No failure observed.,Use round-robin standings to detect exploitability and regressions across archived policy versions.
2026-05-25T20:19:13+00:00,SlimeVolley-v0,improved-v2,improved,current,current heuristic,evaluation-harness change,dev,6000,6050,50,-2.78,1.97271,-3,-5,3,6,44,0,0.12,-2.78,61433,4.246658,pass,pass,088c70f,009099a9ce16,2,10,SlimeVolley round-robin tournament matchup 35/49: improved-v2 vs improved; no policy code changed.,No failure observed.,Use round-robin standings to detect exploitability and regressions across archived policy versions.
2026-05-25T20:19:16+00:00,SlimeVolley-v0,improved-v3,random,v0,random policy,evaluation-harness change,dev,6000,6050,50,3.6,1.09545,4,1,5,50,0,0,1.0,3.6,35007,2.724188,pass,pass,088c70f,009099a9ce16,2,10,SlimeVolley round-robin tournament matchup 36/49: improved-v3 vs random; no policy code changed.,No failure observed.,Use round-robin standings to detect exploitability and regressions across archived policy versions.
2026-05-25T20:19:19+00:00,SlimeVolley-v0,improved-v3,initial,v0,frozen heuristic,evaluation-harness change,dev,6000,6050,50,3.36,1.58442,4,-3,5,48,2,0,0.96,3.36,41858,2.869563,pass,pass,088c70f,009099a9ce16,2,10,SlimeVolley round-robin tournament matchup 37/49: improved-v3 vs initial; no policy code changed.,No failure observed.,Use round-robin standings to detect exploitability and regressions across archived policy versions.
2026-05-25T20:19:23+00:00,SlimeVolley-v0,improved-v3,improved-v0,v0,archived heuristic,evaluation-harness change,dev,6000,6050,50,3.54,1.16979,4,1,5,50,0,0,1.0,3.54,40592,2.784738,pass,pass,088c70f,009099a9ce16,2,10,SlimeVolley round-robin tournament matchup 38/49: improved-v3 vs improved-v0; no policy code changed.,No failure observed.,Use round-robin standings to detect exploitability and regressions across archived policy versions.
2026-05-25T20:19:27+00:00,SlimeVolley-v0,improved-v3,improved-v1,v1,archived heuristic,evaluation-harness change,dev,6000,6050,50,2.9,1.74642,3,-3,5,47,3,0,0.94,2.9,58900,3.971314,pass,pass,088c70f,009099a9ce16,2,10,SlimeVolley round-robin tournament matchup 39/49: improved-v3 vs improved-v1; no policy code changed.,No failure observed.,Use round-robin standings to detect exploitability and regressions across archived policy versions.
2026-05-25T20:19:32+00:00,SlimeVolley-v0,improved-v3,improved-v2,v2,archived heuristic,evaluation-harness change,dev,6000,6050,50,2.9,1.74642,3,-3,5,47,3,0,0.94,2.9,58900,4.015847,pass,pass,088c70f,009099a9ce16,2,10,SlimeVolley round-robin tournament matchup 40/49: improved-v3 vs improved-v2; no policy code changed.,No failure observed.,Use round-robin standings to detect exploitability and regressions across archived policy versions.
2026-05-25T20:19:40+00:00,SlimeVolley-v0,improved-v3,improved-v3,v3,archived heuristic,evaluation-harness change,dev,6000,6050,50,0.26,2.30486,0,-4,5,24,21,5,0.48,0.26,124490,8.330546,pass,pass,088c70f,009099a9ce16,2,10,SlimeVolley round-robin tournament matchup 41/49: improved-v3 vs improved-v3; no policy code changed.,No failure observed.,Use round-robin standings to detect exploitability and regressions across archived policy versions.
2026-05-25T20:19:49+00:00,SlimeVolley-v0,improved-v3,improved,current,current heuristic,evaluation-harness change,dev,6000,6050,50,0.26,2.30486,0,-4,5,24,21,5,0.48,0.26,124493,8.329842,pass,pass,088c70f,009099a9ce16,2,10,SlimeVolley round-robin tournament matchup 42/49: improved-v3 vs improved; no policy code changed.,No failure observed.,Use round-robin standings to detect exploitability and regressions across archived policy versions.
2026-05-25T20:19:52+00:00,SlimeVolley-v0,improved,random,v0,random policy,evaluation-harness change,dev,6000,6050,50,3.6,1.09545,4,1,5,50,0,0,1.0,3.6,34997,2.632823,pass,pass,088c70f,009099a9ce16,2,10,SlimeVolley round-robin tournament matchup 43/49: improved vs random; no policy code changed.,No failure observed.,Use round-robin standings to detect exploitability and regressions across archived policy versions.
2026-05-25T20:19:56+00:00,SlimeVolley-v0,improved,initial,v0,frozen heuristic,evaluation-harness change,dev,6000,6050,50,3.36,1.58442,4,-3,5,48,2,0,0.96,3.36,41854,2.80529,pass,pass,088c70f,009099a9ce16,2,10,SlimeVolley round-robin tournament matchup 44/49: improved vs initial; no policy code changed.,No failure observed.,Use round-robin standings to detect exploitability and regressions across archived policy versions.
2026-05-25T20:19:59+00:00,SlimeVolley-v0,improved,improved-v0,v0,archived heuristic,evaluation-harness change,dev,6000,6050,50,3.54,1.16979,4,1,5,50,0,0,1.0,3.54,40588,2.756898,pass,pass,088c70f,009099a9ce16,2,10,SlimeVolley round-robin tournament matchup 45/49: improved vs improved-v0; no policy code changed.,No failure observed.,Use round-robin standings to detect exploitability and regressions across archived policy versions.
2026-05-25T20:20:03+00:00,SlimeVolley-v0,improved,improved-v1,v1,archived heuristic,evaluation-harness change,dev,6000,6050,50,2.9,1.74642,3,-3,5,47,3,0,0.94,2.9,58895,3.963648,pass,pass,088c70f,009099a9ce16,2,10,SlimeVolley round-robin tournament matchup 46/49: improved vs improved-v1; no policy code changed.,No failure observed.,Use round-robin standings to detect exploitability and regressions across archived policy versions.
2026-05-25T20:20:08+00:00,SlimeVolley-v0,improved,improved-v2,v2,archived heuristic,evaluation-harness change,dev,6000,6050,50,2.9,1.74642,3,-3,5,47,3,0,0.94,2.9,58895,3.997938,pass,pass,088c70f,009099a9ce16,2,10,SlimeVolley round-robin tournament matchup 47/49: improved vs improved-v2; no policy code changed.,No failure observed.,Use round-robin standings to detect exploitability and regressions across archived policy versions.
2026-05-25T20:20:17+00:00,SlimeVolley-v0,improved,improved-v3,v3,archived heuristic,evaluation-harness change,dev,6000,6050,50,0.24,2.32,0,-4,5,24,21,5,0.48,0.24,123882,8.273731,pass,pass,088c70f,009099a9ce16,2,10,SlimeVolley round-robin tournament matchup 48/49: improved vs improved-v3; no policy code changed.,No failure observed.,Use round-robin standings to detect exploitability and regressions across archived policy versions.
2026-05-25T20:20:26+00:00,SlimeVolley-v0,improved,improved,current,current heuristic,evaluation-harness change,dev,6000,6050,50,0.24,2.32,0,-4,5,24,21,5,0.48,0.24,123885,8.371577,pass,pass,088c70f,009099a9ce16,2,10,SlimeVolley round-robin tournament matchup 49/49: improved vs improved; no policy code changed.,No failure observed.,Use round-robin standings to detect exploitability and regressions across archived policy versions.
2026-05-25T20:24:31+00:00,SlimeVolley-v0,improved,builtin,slimevolleygym-baseline-rnn,built-in baseline,invalid/rolled back,dev,6000,6050,50,-4.24,1.01114,-5,-5,0,0,49,1,0.0,-4.24,113541,7.880657,pass,pass,088c70f,009099a9ce16,2,11,Rolled back rear_wall_recovery after generation-3 development evidence showed no built-in improvement and slight tournament regression; kept improved-v3 archive.,Rear-wall recovery attempt was invalid/rolled back: built-in mean stayed -4.24 and current tournament mean slightly trailed improved-v3.,Do not use the rolled-back rear-wall guard; next structural attempt should target earlier serve/return shaping on development seeds only.
2026-05-25T20:24:49+00:00,SlimeVolley-v0,random,random,v0,random policy,evaluation-harness change,dev,6000,6050,50,-0.08,2.75565,-1,-4,5,22,28,0,0.44,-0.08,31420,2.433004,pass,pass,088c70f,009099a9ce16,2,11,SlimeVolley round-robin tournament matchup 1/49: random vs random; no policy code changed.,No failure observed.,Use round-robin standings to detect exploitability and regressions across archived policy versions.
2026-05-25T20:24:52+00:00,SlimeVolley-v0,random,initial,v0,frozen heuristic,evaluation-harness change,dev,6000,6050,50,-1.78,2.31767,-2,-5,4,10,40,0,0.2,-1.78,34134,2.511785,pass,pass,088c70f,009099a9ce16,2,11,SlimeVolley round-robin tournament matchup 2/49: random vs initial; no policy code changed.,No failure observed.,Use round-robin standings to detect exploitability and regressions across archived policy versions.
2026-05-25T20:24:55+00:00,SlimeVolley-v0,random,improved-v0,v0,archived heuristic,evaluation-harness change,dev,6000,6050,50,-1.76,2.4377,-2,-5,3,13,37,0,0.26,-1.76,33731,2.573257,pass,pass,088c70f,009099a9ce16,2,11,SlimeVolley round-robin tournament matchup 3/49: random vs improved-v0; no policy code changed.,No failure observed.,Use round-robin standings to detect exploitability and regressions across archived policy versions.
2026-05-25T20:24:58+00:00,SlimeVolley-v0,random,improved-v1,v1,archived heuristic,evaluation-harness change,dev,6000,6050,50,-3.24,1.3937,-3.5,-5,3,1,49,0,0.02,-3.24,34147,2.546566,pass,pass,088c70f,009099a9ce16,2,11,SlimeVolley round-robin tournament matchup 4/49: random vs improved-v1; no policy code changed.,No failure observed.,Use round-robin standings to detect exploitability and regressions across archived policy versions.
2026-05-25T20:25:01+00:00,SlimeVolley-v0,random,improved-v2,v2,archived heuristic,evaluation-harness change,dev,6000,6050,50,-3.24,1.3937,-3.5,-5,3,1,49,0,0.02,-3.24,34147,2.565131,pass,pass,088c70f,009099a9ce16,2,11,SlimeVolley round-robin tournament matchup 5/49: random vs improved-v2; no policy code changed.,No failure observed.,Use round-robin standings to detect exploitability and regressions across archived policy versions.
2026-05-25T20:25:04+00:00,SlimeVolley-v0,random,improved-v3,v3,archived heuristic,evaluation-harness change,dev,6000,6050,50,-3.6,1.32665,-4,-5,3,1,49,0,0.02,-3.6,33212,2.51407,pass,pass,088c70f,009099a9ce16,2,11,SlimeVolley round-robin tournament matchup 6/49: random vs improved-v3; no policy code changed.,No failure observed.,Use round-robin standings to detect exploitability and regressions across archived policy versions.
2026-05-25T20:25:07+00:00,SlimeVolley-v0,random,improved,current,current heuristic,evaluation-harness change,dev,6000,6050,50,-3.6,1.32665,-4,-5,3,1,49,0,0.02,-3.6,33212,2.467112,pass,pass,088c70f,009099a9ce16,2,11,SlimeVolley round-robin tournament matchup 7/49: random vs improved; no policy code changed.,No failure observed.,Use round-robin standings to detect exploitability and regressions across archived policy versions.
2026-05-25T20:25:10+00:00,SlimeVolley-v0,initial,random,v0,random policy,evaluation-harness change,dev,6000,6050,50,1.68,2.38696,2,-4,5,37,13,0,0.74,1.68,35055,2.549225,pass,pass,088c70f,009099a9ce16,2,11,SlimeVolley round-robin tournament matchup 8/49: initial vs random; no policy code changed.,No failure observed.,Use round-robin standings to detect exploitability and regressions across archived policy versions.
2026-05-25T20:25:14+00:00,SlimeVolley-v0,initial,initial,v0,frozen heuristic,evaluation-harness change,dev,6000,6050,50,0.06,2.70858,1,-5,5,26,24,0,0.52,0.06,39086,2.549159,pass,pass,088c70f,009099a9ce16,2,11,SlimeVolley round-robin tournament matchup 9/49: initial vs initial; no policy code changed.,No failure observed.,Use round-robin standings to detect exploitability and regressions across archived policy versions.
2026-05-25T20:25:17+00:00,SlimeVolley-v0,initial,improved-v0,v0,archived heuristic,evaluation-harness change,dev,6000,6050,50,0.26,2.6744,1,-5,5,29,21,0,0.58,0.26,39726,2.639471,pass,pass,088c70f,009099a9ce16,2,11,SlimeVolley round-robin tournament matchup 10/49: initial vs improved-v0; no policy code changed.,No failure observed.,Use round-robin standings to detect exploitability and regressions across archived policy versions.
2026-05-25T20:25:20+00:00,SlimeVolley-v0,initial,improved-v1,v1,archived heuristic,evaluation-harness change,dev,6000,6050,50,-2.1,2.17486,-3,-5,3,8,42,0,0.16,-2.1,43228,2.892648,pass,pass,088c70f,009099a9ce16,2,11,SlimeVolley round-robin tournament matchup 11/49: initial vs improved-v1; no policy code changed.,No failure observed.,Use round-robin standings to detect exploitability and regressions across archived policy versions.
2026-05-25T20:25:24+00:00,SlimeVolley-v0,initial,improved-v2,v2,archived heuristic,evaluation-harness change,dev,6000,6050,50,-2.1,2.17486,-3,-5,3,8,42,0,0.16,-2.1,43228,2.891332,pass,pass,088c70f,009099a9ce16,2,11,SlimeVolley round-robin tournament matchup 12/49: initial vs improved-v2; no policy code changed.,No failure observed.,Use round-robin standings to detect exploitability and regressions across archived policy versions.
2026-05-25T20:25:27+00:00,SlimeVolley-v0,initial,improved-v3,v3,archived heuristic,evaluation-harness change,dev,6000,6050,50,-3.4,1.44222,-4,-5,3,2,48,0,0.04,-3.4,41314,2.884638,pass,pass,088c70f,009099a9ce16,2,11,SlimeVolley round-robin tournament matchup 13/49: initial vs improved-v3; no policy code changed.,No failure observed.,Use round-robin standings to detect exploitability and regressions across archived policy versions.
2026-05-25T20:25:31+00:00,SlimeVolley-v0,initial,improved,current,current heuristic,evaluation-harness change,dev,6000,6050,50,-3.4,1.44222,-4,-5,3,2,48,0,0.04,-3.4,41314,2.740617,pass,pass,088c70f,009099a9ce16,2,11,SlimeVolley round-robin tournament matchup 14/49: initial vs improved; no policy code changed.,No failure observed.,Use round-robin standings to detect exploitability and regressions across archived policy versions.
2026-05-25T20:25:34+00:00,SlimeVolley-v0,improved-v0,random,v0,random policy,evaluation-harness change,dev,6000,6050,50,1.88,2.27719,2,-4,5,40,10,0,0.8,1.88,34750,2.558105,pass,pass,088c70f,009099a9ce16,2,11,SlimeVolley round-robin tournament matchup 15/49: improved-v0 vs random; no policy code changed.,No failure observed.,Use round-robin standings to detect exploitability and regressions across archived policy versions.
2026-05-25T20:25:37+00:00,SlimeVolley-v0,improved-v0,initial,v0,frozen heuristic,evaluation-harness change,dev,6000,6050,50,-0.04,2.62267,-1,-4,5,23,27,0,0.46,-0.04,39156,2.679053,pass,pass,088c70f,009099a9ce16,2,11,SlimeVolley round-robin tournament matchup 16/49: improved-v0 vs initial; no policy code changed.,No failure observed.,Use round-robin standings to detect exploitability and regressions across archived policy versions.
2026-05-25T20:25:40+00:00,SlimeVolley-v0,improved-v0,improved-v0,v0,archived heuristic,evaluation-harness change,dev,6000,6050,50,0.28,2.7571,1,-5,5,27,23,0,0.54,0.28,38913,2.591813,pass,pass,088c70f,009099a9ce16,2,11,SlimeVolley round-robin tournament matchup 17/49: improved-v0 vs improved-v0; no policy code changed.,No failure observed.,Use round-robin standings to detect exploitability and regressions across archived policy versions.
2026-05-25T20:25:43+00:00,SlimeVolley-v0,improved-v0,improved-v1,v1,archived heuristic,evaluation-harness change,dev,6000,6050,50,-2.44,2.21955,-3,-5,4,6,44,0,0.12,-2.44,40898,2.711908,pass,pass,088c70f,009099a9ce16,2,11,SlimeVolley round-robin tournament matchup 18/49: improved-v0 vs improved-v1; no policy code changed.,No failure observed.,Use round-robin standings to detect exploitability and regressions across archived policy versions.
2026-05-25T20:25:47+00:00,SlimeVolley-v0,improved-v0,improved-v2,v2,archived heuristic,evaluation-harness change,dev,6000,6050,50,-2.44,2.21955,-3,-5,4,6,44,0,0.12,-2.44,40898,2.776368,pass,pass,088c70f,009099a9ce16,2,11,SlimeVolley round-robin tournament matchup 19/49: improved-v0 vs improved-v2; no policy code changed.,No failure observed.,Use round-robin standings to detect exploitability and regressions across archived policy versions.
2026-05-25T20:25:50+00:00,SlimeVolley-v0,improved-v0,improved-v3,v3,archived heuristic,evaluation-harness change,dev,6000,6050,50,-3.48,1.5263,-4,-5,3,2,48,0,0.04,-3.48,40271,2.718592,pass,pass,088c70f,009099a9ce16,2,11,SlimeVolley round-robin tournament matchup 20/49: improved-v0 vs improved-v3; no policy code changed.,No failure observed.,Use round-robin standings to detect exploitability and regressions across archived policy versions.
2026-05-25T20:25:53+00:00,SlimeVolley-v0,improved-v0,improved,current,current heuristic,evaluation-harness change,dev,6000,6050,50,-3.48,1.5263,-4,-5,3,2,48,0,0.04,-3.48,40271,2.668073,pass,pass,088c70f,009099a9ce16,2,11,SlimeVolley round-robin tournament matchup 21/49: improved-v0 vs improved; no policy code changed.,No failure observed.,Use round-robin standings to detect exploitability and regressions across archived policy versions.
2026-05-25T20:25:57+00:00,SlimeVolley-v0,improved-v1,random,v0,random policy,evaluation-harness change,dev,6000,6050,50,3.02,1.63083,3,-2,5,47,3,0,0.94,3.02,35473,2.685322,pass,pass,088c70f,009099a9ce16,2,11,SlimeVolley round-robin tournament matchup 22/49: improved-v1 vs random; no policy code changed.,No failure observed.,Use round-robin standings to detect exploitability and regressions across archived policy versions.
2026-05-25T20:26:00+00:00,SlimeVolley-v0,improved-v1,initial,v0,frozen heuristic,evaluation-harness change,dev,6000,6050,50,2,2.14476,2,-3,5,40,10,0,0.8,2.0,42691,2.916287,pass,pass,088c70f,009099a9ce16,2,11,SlimeVolley round-robin tournament matchup 23/49: improved-v1 vs initial; no policy code changed.,No failure observed.,Use round-robin standings to detect exploitability and regressions across archived policy versions.
2026-05-25T20:26:04+00:00,SlimeVolley-v0,improved-v1,improved-v0,v0,archived heuristic,evaluation-harness change,dev,6000,6050,50,2.62,1.79878,3,-2,5,45,5,0,0.9,2.62,41377,2.781224,pass,pass,088c70f,009099a9ce16,2,11,SlimeVolley round-robin tournament matchup 24/49: improved-v1 vs improved-v0; no policy code changed.,No failure observed.,Use round-robin standings to detect exploitability and regressions across archived policy versions.
2026-05-25T20:26:08+00:00,SlimeVolley-v0,improved-v1,improved-v1,v1,archived heuristic,evaluation-harness change,dev,6000,6050,50,0.22,2.78058,1,-5,5,27,23,0,0.54,0.22,56688,3.738571,pass,pass,088c70f,009099a9ce16,2,11,SlimeVolley round-robin tournament matchup 25/49: improved-v1 vs improved-v1; no policy code changed.,No failure observed.,Use round-robin standings to detect exploitability and regressions across archived policy versions.
2026-05-25T20:26:12+00:00,SlimeVolley-v0,improved-v1,improved-v2,v2,archived heuristic,evaluation-harness change,dev,6000,6050,50,0.22,2.78058,1,-5,5,27,23,0,0.54,0.22,56688,3.710427,pass,pass,088c70f,009099a9ce16,2,11,SlimeVolley round-robin tournament matchup 26/49: improved-v1 vs improved-v2; no policy code changed.,No failure observed.,Use round-robin standings to detect exploitability and regressions across archived policy versions.
2026-05-25T20:26:17+00:00,SlimeVolley-v0,improved-v1,improved-v3,v3,archived heuristic,evaluation-harness change,dev,6000,6050,50,-2.78,1.97271,-3,-5,3,6,44,0,0.12,-2.78,61447,4.011757,pass,pass,088c70f,009099a9ce16,2,11,SlimeVolley round-robin tournament matchup 27/49: improved-v1 vs improved-v3; no policy code changed.,No failure observed.,Use round-robin standings to detect exploitability and regressions across archived policy versions.
2026-05-25T20:26:22+00:00,SlimeVolley-v0,improved-v1,improved,current,current heuristic,evaluation-harness change,dev,6000,6050,50,-2.78,1.97271,-3,-5,3,6,44,0,0.12,-2.78,61447,4.302238,pass,pass,088c70f,009099a9ce16,2,11,SlimeVolley round-robin tournament matchup 28/49: improved-v1 vs improved; no policy code changed.,No failure observed.,Use round-robin standings to detect exploitability and regressions across archived policy versions.
2026-05-25T20:26:25+00:00,SlimeVolley-v0,improved-v2,random,v0,random policy,evaluation-harness change,dev,6000,6050,50,3.02,1.63083,3,-2,5,47,3,0,0.94,3.02,35473,2.628629,pass,pass,088c70f,009099a9ce16,2,11,SlimeVolley round-robin tournament matchup 29/49: improved-v2 vs random; no policy code changed.,No failure observed.,Use round-robin standings to detect exploitability and regressions across archived policy versions.
2026-05-25T20:26:28+00:00,SlimeVolley-v0,improved-v2,initial,v0,frozen heuristic,evaluation-harness change,dev,6000,6050,50,2,2.14476,2,-3,5,40,10,0,0.8,2.0,42691,2.803067,pass,pass,088c70f,009099a9ce16,2,11,SlimeVolley round-robin tournament matchup 30/49: improved-v2 vs initial; no policy code changed.,No failure observed.,Use round-robin standings to detect exploitability and regressions across archived policy versions.
2026-05-25T20:26:32+00:00,SlimeVolley-v0,improved-v2,improved-v0,v0,archived heuristic,evaluation-harness change,dev,6000,6050,50,2.62,1.79878,3,-2,5,45,5,0,0.9,2.62,41377,2.820556,pass,pass,088c70f,009099a9ce16,2,11,SlimeVolley round-robin tournament matchup 31/49: improved-v2 vs improved-v0; no policy code changed.,No failure observed.,Use round-robin standings to detect exploitability and regressions across archived policy versions.
2026-05-25T20:26:36+00:00,SlimeVolley-v0,improved-v2,improved-v1,v1,archived heuristic,evaluation-harness change,dev,6000,6050,50,0.22,2.78058,1,-5,5,27,23,0,0.54,0.22,56688,3.819428,pass,pass,088c70f,009099a9ce16,2,11,SlimeVolley round-robin tournament matchup 32/49: improved-v2 vs improved-v1; no policy code changed.,No failure observed.,Use round-robin standings to detect exploitability and regressions across archived policy versions.
2026-05-25T20:26:41+00:00,SlimeVolley-v0,improved-v2,improved-v2,v2,archived heuristic,evaluation-harness change,dev,6000,6050,50,0.22,2.78058,1,-5,5,27,23,0,0.54,0.22,56688,3.712865,pass,pass,088c70f,009099a9ce16,2,11,SlimeVolley round-robin tournament matchup 33/49: improved-v2 vs improved-v2; no policy code changed.,No failure observed.,Use round-robin standings to detect exploitability and regressions across archived policy versions.
2026-05-25T20:26:45+00:00,SlimeVolley-v0,improved-v2,improved-v3,v3,archived heuristic,evaluation-harness change,dev,6000,6050,50,-2.78,1.97271,-3,-5,3,6,44,0,0.12,-2.78,61447,4.139285,pass,pass,088c70f,009099a9ce16,2,11,SlimeVolley round-robin tournament matchup 34/49: improved-v2 vs improved-v3; no policy code changed.,No failure observed.,Use round-robin standings to detect exploitability and regressions across archived policy versions.
2026-05-25T20:26:50+00:00,SlimeVolley-v0,improved-v2,improved,current,current heuristic,evaluation-harness change,dev,6000,6050,50,-2.78,1.97271,-3,-5,3,6,44,0,0.12,-2.78,61447,4.139659,pass,pass,088c70f,009099a9ce16,2,11,SlimeVolley round-robin tournament matchup 35/49: improved-v2 vs improved; no policy code changed.,No failure observed.,Use round-robin standings to detect exploitability and regressions across archived policy versions.
2026-05-25T20:26:53+00:00,SlimeVolley-v0,improved-v3,random,v0,random policy,evaluation-harness change,dev,6000,6050,50,3.6,1.09545,4,1,5,50,0,0,1.0,3.6,35007,2.531291,pass,pass,088c70f,009099a9ce16,2,11,SlimeVolley round-robin tournament matchup 36/49: improved-v3 vs random; no policy code changed.,No failure observed.,Use round-robin standings to detect exploitability and regressions across archived policy versions.
2026-05-25T20:26:57+00:00,SlimeVolley-v0,improved-v3,initial,v0,frozen heuristic,evaluation-harness change,dev,6000,6050,50,3.36,1.58442,4,-3,5,48,2,0,0.96,3.36,41858,2.81981,pass,pass,088c70f,009099a9ce16,2,11,SlimeVolley round-robin tournament matchup 37/49: improved-v3 vs initial; no policy code changed.,No failure observed.,Use round-robin standings to detect exploitability and regressions across archived policy versions.
2026-05-25T20:27:00+00:00,SlimeVolley-v0,improved-v3,improved-v0,v0,archived heuristic,evaluation-harness change,dev,6000,6050,50,3.54,1.16979,4,1,5,50,0,0,1.0,3.54,40592,2.762047,pass,pass,088c70f,009099a9ce16,2,11,SlimeVolley round-robin tournament matchup 38/49: improved-v3 vs improved-v0; no policy code changed.,No failure observed.,Use round-robin standings to detect exploitability and regressions across archived policy versions.
2026-05-25T20:27:05+00:00,SlimeVolley-v0,improved-v3,improved-v1,v1,archived heuristic,evaluation-harness change,dev,6000,6050,50,2.9,1.74642,3,-3,5,47,3,0,0.94,2.9,58900,3.91013,pass,pass,088c70f,009099a9ce16,2,11,SlimeVolley round-robin tournament matchup 39/49: improved-v3 vs improved-v1; no policy code changed.,No failure observed.,Use round-robin standings to detect exploitability and regressions across archived policy versions.
2026-05-25T20:27:09+00:00,SlimeVolley-v0,improved-v3,improved-v2,v2,archived heuristic,evaluation-harness change,dev,6000,6050,50,2.9,1.74642,3,-3,5,47,3,0,0.94,2.9,58900,3.995012,pass,pass,088c70f,009099a9ce16,2,11,SlimeVolley round-robin tournament matchup 40/49: improved-v3 vs improved-v2; no policy code changed.,No failure observed.,Use round-robin standings to detect exploitability and regressions across archived policy versions.
2026-05-25T20:27:18+00:00,SlimeVolley-v0,improved-v3,improved-v3,v3,archived heuristic,evaluation-harness change,dev,6000,6050,50,0.26,2.30486,0,-4,5,24,21,5,0.48,0.26,124490,8.309239,pass,pass,088c70f,009099a9ce16,2,11,SlimeVolley round-robin tournament matchup 41/49: improved-v3 vs improved-v3; no policy code changed.,No failure observed.,Use round-robin standings to detect exploitability and regressions across archived policy versions.
2026-05-25T20:27:28+00:00,SlimeVolley-v0,improved-v3,improved,current,current heuristic,evaluation-harness change,dev,6000,6050,50,0.26,2.30486,0,-4,5,24,21,5,0.48,0.26,124490,8.417079,pass,pass,088c70f,009099a9ce16,2,11,SlimeVolley round-robin tournament matchup 42/49: improved-v3 vs improved; no policy code changed.,No failure observed.,Use round-robin standings to detect exploitability and regressions across archived policy versions.
2026-05-25T20:27:31+00:00,SlimeVolley-v0,improved,random,v0,random policy,evaluation-harness change,dev,6000,6050,50,3.6,1.09545,4,1,5,50,0,0,1.0,3.6,35007,2.667964,pass,pass,088c70f,009099a9ce16,2,11,SlimeVolley round-robin tournament matchup 43/49: improved vs random; no policy code changed.,No failure observed.,Use round-robin standings to detect exploitability and regressions across archived policy versions.
2026-05-25T20:27:34+00:00,SlimeVolley-v0,improved,initial,v0,frozen heuristic,evaluation-harness change,dev,6000,6050,50,3.36,1.58442,4,-3,5,48,2,0,0.96,3.36,41858,2.811972,pass,pass,088c70f,009099a9ce16,2,11,SlimeVolley round-robin tournament matchup 44/49: improved vs initial; no policy code changed.,No failure observed.,Use round-robin standings to detect exploitability and regressions across archived policy versions.
2026-05-25T20:27:38+00:00,SlimeVolley-v0,improved,improved-v0,v0,archived heuristic,evaluation-harness change,dev,6000,6050,50,3.54,1.16979,4,1,5,50,0,0,1.0,3.54,40592,2.837449,pass,pass,088c70f,009099a9ce16,2,11,SlimeVolley round-robin tournament matchup 45/49: improved vs improved-v0; no policy code changed.,No failure observed.,Use round-robin standings to detect exploitability and regressions across archived policy versions.
2026-05-25T20:27:42+00:00,SlimeVolley-v0,improved,improved-v1,v1,archived heuristic,evaluation-harness change,dev,6000,6050,50,2.9,1.74642,3,-3,5,47,3,0,0.94,2.9,58900,4.014265,pass,pass,088c70f,009099a9ce16,2,11,SlimeVolley round-robin tournament matchup 46/49: improved vs improved-v1; no policy code changed.,No failure observed.,Use round-robin standings to detect exploitability and regressions across archived policy versions.
2026-05-25T20:27:47+00:00,SlimeVolley-v0,improved,improved-v2,v2,archived heuristic,evaluation-harness change,dev,6000,6050,50,2.9,1.74642,3,-3,5,47,3,0,0.94,2.9,58900,4.000628,pass,pass,088c70f,009099a9ce16,2,11,SlimeVolley round-robin tournament matchup 47/49: improved vs improved-v2; no policy code changed.,No failure observed.,Use round-robin standings to detect exploitability and regressions across archived policy versions.
2026-05-25T20:27:56+00:00,SlimeVolley-v0,improved,improved-v3,v3,archived heuristic,evaluation-harness change,dev,6000,6050,50,0.26,2.30486,0,-4,5,24,21,5,0.48,0.26,124490,8.494182,pass,pass,088c70f,009099a9ce16,2,11,SlimeVolley round-robin tournament matchup 48/49: improved vs improved-v3; no policy code changed.,No failure observed.,Use round-robin standings to detect exploitability and regressions across archived policy versions.
2026-05-25T20:28:05+00:00,SlimeVolley-v0,improved,improved,current,current heuristic,evaluation-harness change,dev,6000,6050,50,0.26,2.30486,0,-4,5,24,21,5,0.48,0.26,124490,8.391378,pass,pass,088c70f,009099a9ce16,2,11,SlimeVolley round-robin tournament matchup 49/49: improved vs improved; no policy code changed.,No failure observed.,Use round-robin standings to detect exploitability and regressions across archived policy versions.
2026-05-25T20:35:23+00:00,SlimeVolley-v0,improved,builtin,slimevolleygym-baseline-rnn,built-in baseline,structural policy improvement,dev,6000,6050,50,-4.72,0.693974,-5,-5,-2,0,50,0,0.0,-4.72,91646,6.553159,pass,pass,088c70f,009099a9ce16,3,13,Structural policy improvement: add delayed_low_receive mode to suppress early grounded jumps on fast low built-in returns.,Generation-3 built-in traces showed repeated point losses where the policy jumped while grounded at ball_y around 0.40 to 0.48 and was airborne when the ball reached floor height.,Keep only if built-in dev score improves without unacceptable regression against archived opponent pool; otherwise roll back and record the failed branch.
2026-05-25T20:37:06+00:00,SlimeVolley-v0,improved,builtin,slimevolleygym-baseline-rnn,built-in baseline,invalid/rolled back,dev,6000,6050,50,-4.24,1.01114,-5,-5,0,0,49,1,0.0,-4.24,113541,7.859161,pass,pass,088c70f,009099a9ce16,3,15,Rolled back delayed_low_receive after generation-3 dev evidence worsened built-in score; kept the failure note and append-only failed trial.,"The delayed low receive branch suppressed useful contacts: built-in mean worsened from -4.24 to -4.72 on dev seeds 6000..6049, so the branch was removed.",A simple early-jump suppression band is too blunt; future work should use a phase-aware receive macro or stronger context before changing jump timing.
2026-05-25T20:41:54+00:00,SlimeVolley-v0,improved,builtin,slimevolleygym-baseline-rnn,built-in baseline,structural policy improvement,dev,6000,6050,50,-4.32,0.988737,-5,-5,0,0,49,1,0.0,-4.32,112911,7.535829,pass,pass,088c70f,009099a9ce16,4,17,"Structural policy improvement: add rally_restart_serve state detector so serve behavior can run after each point reset, not only the first episode steps.",Trace diagnosis showed SlimeVolley restarts at ball_y around 1.2 while the old serve gate required ball_y >= 1.45 and was also tied to episode steps; serve mode was effectively inert.,"If built-in dev score improves, run archived-opponent tournament to check robustness; if it worsens, roll back and keep failure evidence."
2026-05-25T20:43:19+00:00,SlimeVolley-v0,improved,builtin,slimevolleygym-baseline-rnn,built-in baseline,structural policy improvement,dev,6000,6050,50,-4.26,1.01607,-5,-5,0,0,49,1,0.0,-4.26,112166,7.519685,pass,pass,088c70f,009099a9ce16,4,18,"Structural policy revision: make rally_restart_serve phase-aware by approaching the serve target before jumping, after immediate restart jumps worsened dev score.",Immediate state-based restart jumps worsened built-in mean from -4.24 to -4.32; this revision separates approach and hit phases using x-position.,Keep only if built-in dev score beats or matches the rollback baseline and archived-opponent robustness does not regress.
2026-05-25T20:45:00+00:00,SlimeVolley-v0,improved,builtin,slimevolleygym-baseline-rnn,built-in baseline,invalid/rolled back,dev,6000,6050,50,-4.24,1.01114,-5,-5,0,0,49,1,0.0,-4.24,113541,7.881491,pass,pass,088c70f,009099a9ce16,4,20,Rolled back rally_restart_serve after both immediate-jump and approach-then-hit versions underperformed the generation-3 dev baseline.,"Restart serve detector was a valid code-smell hypothesis, but immediate jump mean -4.32 and approach-then-hit mean -4.26 both trailed the rollback baseline -4.24 on dev seeds 6000..6049.",Do not change restart serve without deeper point-level trajectory evidence; next structural work should target return placement or contact outcome after actual ball contact.
2026-05-25T21:00:11+00:00,SlimeVolley-v0,improved,builtin,slimevolleygym-baseline-rnn,built-in baseline,structural policy improvement,dev,6000,6050,50,-3.8,1.4,-4,-5,0,0,48,2,0.0,-3.8,129391,8.708542,pass,pass,088c70f,c02b69d7b43d,5,22,"Structural policy improvement: add rear_wall_press mode for low descending balls outside the rear guard, based on contact diagnostics showing rear-wall candidates dominate built-in losses.",Contact diagnostics found rear-wall inferred contacts in 145/270 candidates and low_far_right was the largest loss bucket; current clipping to rear_guard_x can leave the policy at action 000 while the ball remains outside the guard.,Keep only if built-in development score improves and then check archived-opponent robustness; otherwise roll back and record the failed contact-placement attempt.
2026-05-25T21:00:38+00:00,SlimeVolley-v0,random,random,v0,random policy,evaluation-harness change,dev,6000,6050,50,-0.08,2.75565,-1,-4,5,22,28,0,0.44,-0.08,31420,2.458133,pass,pass,088c70f,c02b69d7b43d,5,22,SlimeVolley round-robin tournament matchup 1/49: random vs random; no policy code changed.,No failure observed.,Use round-robin standings to detect exploitability and regressions across archived policy versions.
2026-05-25T21:00:41+00:00,SlimeVolley-v0,random,initial,v0,frozen heuristic,evaluation-harness change,dev,6000,6050,50,-1.78,2.31767,-2,-5,4,10,40,0,0.2,-1.78,34134,2.454988,pass,pass,088c70f,c02b69d7b43d,5,22,SlimeVolley round-robin tournament matchup 2/49: random vs initial; no policy code changed.,No failure observed.,Use round-robin standings to detect exploitability and regressions across archived policy versions.
2026-05-25T21:00:44+00:00,SlimeVolley-v0,random,improved-v0,v0,archived heuristic,evaluation-harness change,dev,6000,6050,50,-1.76,2.4377,-2,-5,3,13,37,0,0.26,-1.76,33731,2.530078,pass,pass,088c70f,c02b69d7b43d,5,22,SlimeVolley round-robin tournament matchup 3/49: random vs improved-v0; no policy code changed.,No failure observed.,Use round-robin standings to detect exploitability and regressions across archived policy versions.
2026-05-25T21:00:48+00:00,SlimeVolley-v0,random,improved-v1,v1,archived heuristic,evaluation-harness change,dev,6000,6050,50,-3.24,1.3937,-3.5,-5,3,1,49,0,0.02,-3.24,34147,2.582686,pass,pass,088c70f,c02b69d7b43d,5,22,SlimeVolley round-robin tournament matchup 4/49: random vs improved-v1; no policy code changed.,No failure observed.,Use round-robin standings to detect exploitability and regressions across archived policy versions.
2026-05-25T21:00:51+00:00,SlimeVolley-v0,random,improved-v2,v2,archived heuristic,evaluation-harness change,dev,6000,6050,50,-3.24,1.3937,-3.5,-5,3,1,49,0,0.02,-3.24,34147,2.557089,pass,pass,088c70f,c02b69d7b43d,5,22,SlimeVolley round-robin tournament matchup 5/49: random vs improved-v2; no policy code changed.,No failure observed.,Use round-robin standings to detect exploitability and regressions across archived policy versions.
2026-05-25T21:00:54+00:00,SlimeVolley-v0,random,improved-v3,v3,archived heuristic,evaluation-harness change,dev,6000,6050,50,-3.6,1.32665,-4,-5,3,1,49,0,0.02,-3.6,33212,2.451528,pass,pass,088c70f,c02b69d7b43d,5,22,SlimeVolley round-robin tournament matchup 6/49: random vs improved-v3; no policy code changed.,No failure observed.,Use round-robin standings to detect exploitability and regressions across archived policy versions.
2026-05-25T21:00:58+00:00,SlimeVolley-v0,random,improved,current,current heuristic,evaluation-harness change,dev,6000,6050,50,-3.9,1.08167,-4,-5,1,1,49,0,0.02,-3.9,37476,2.7516,pass,pass,088c70f,c02b69d7b43d,5,22,SlimeVolley round-robin tournament matchup 7/49: random vs improved; no policy code changed.,No failure observed.,Use round-robin standings to detect exploitability and regressions across archived policy versions.
2026-05-25T21:01:01+00:00,SlimeVolley-v0,initial,random,v0,random policy,evaluation-harness change,dev,6000,6050,50,1.68,2.38696,2,-4,5,37,13,0,0.74,1.68,35055,2.634557,pass,pass,088c70f,c02b69d7b43d,5,22,SlimeVolley round-robin tournament matchup 8/49: initial vs random; no policy code changed.,No failure observed.,Use round-robin standings to detect exploitability and regressions across archived policy versions.
2026-05-25T21:01:05+00:00,SlimeVolley-v0,initial,initial,v0,frozen heuristic,evaluation-harness change,dev,6000,6050,50,0.06,2.70858,1,-5,5,26,24,0,0.52,0.06,39086,2.465298,pass,pass,088c70f,c02b69d7b43d,5,22,SlimeVolley round-robin tournament matchup 9/49: initial vs initial; no policy code changed.,No failure observed.,Use round-robin standings to detect exploitability and regressions across archived policy versions.
2026-05-25T21:01:08+00:00,SlimeVolley-v0,initial,improved-v0,v0,archived heuristic,evaluation-harness change,dev,6000,6050,50,0.26,2.6744,1,-5,5,29,21,0,0.58,0.26,39726,2.606316,pass,pass,088c70f,c02b69d7b43d,5,22,SlimeVolley round-robin tournament matchup 10/49: initial vs improved-v0; no policy code changed.,No failure observed.,Use round-robin standings to detect exploitability and regressions across archived policy versions.
2026-05-25T21:01:12+00:00,SlimeVolley-v0,initial,improved-v1,v1,archived heuristic,evaluation-harness change,dev,6000,6050,50,-2.1,2.17486,-3,-5,3,8,42,0,0.16,-2.1,43228,2.833576,pass,pass,088c70f,c02b69d7b43d,5,22,SlimeVolley round-robin tournament matchup 11/49: initial vs improved-v1; no policy code changed.,No failure observed.,Use round-robin standings to detect exploitability and regressions across archived policy versions.
2026-05-25T21:01:15+00:00,SlimeVolley-v0,initial,improved-v2,v2,archived heuristic,evaluation-harness change,dev,6000,6050,50,-2.1,2.17486,-3,-5,3,8,42,0,0.16,-2.1,43228,2.826686,pass,pass,088c70f,c02b69d7b43d,5,22,SlimeVolley round-robin tournament matchup 12/49: initial vs improved-v2; no policy code changed.,No failure observed.,Use round-robin standings to detect exploitability and regressions across archived policy versions.
2026-05-25T21:01:19+00:00,SlimeVolley-v0,initial,improved-v3,v3,archived heuristic,evaluation-harness change,dev,6000,6050,50,-3.4,1.44222,-4,-5,3,2,48,0,0.04,-3.4,41314,2.743304,pass,pass,088c70f,c02b69d7b43d,5,22,SlimeVolley round-robin tournament matchup 13/49: initial vs improved-v3; no policy code changed.,No failure observed.,Use round-robin standings to detect exploitability and regressions across archived policy versions.
2026-05-25T21:01:23+00:00,SlimeVolley-v0,initial,improved,current,current heuristic,evaluation-harness change,dev,6000,6050,50,-3.72,1.26554,-4,-5,1,2,48,0,0.04,-3.72,44247,2.923873,pass,pass,088c70f,c02b69d7b43d,5,22,SlimeVolley round-robin tournament matchup 14/49: initial vs improved; no policy code changed.,No failure observed.,Use round-robin standings to detect exploitability and regressions across archived policy versions.
2026-05-25T21:01:26+00:00,SlimeVolley-v0,improved-v0,random,v0,random policy,evaluation-harness change,dev,6000,6050,50,1.88,2.27719,2,-4,5,40,10,0,0.8,1.88,34750,2.648042,pass,pass,088c70f,c02b69d7b43d,5,22,SlimeVolley round-robin tournament matchup 15/49: improved-v0 vs random; no policy code changed.,No failure observed.,Use round-robin standings to detect exploitability and regressions across archived policy versions.
2026-05-25T21:01:30+00:00,SlimeVolley-v0,improved-v0,initial,v0,frozen heuristic,evaluation-harness change,dev,6000,6050,50,-0.04,2.62267,-1,-4,5,23,27,0,0.46,-0.04,39156,2.602467,pass,pass,088c70f,c02b69d7b43d,5,22,SlimeVolley round-robin tournament matchup 16/49: improved-v0 vs initial; no policy code changed.,No failure observed.,Use round-robin standings to detect exploitability and regressions across archived policy versions.
2026-05-25T21:01:33+00:00,SlimeVolley-v0,improved-v0,improved-v0,v0,archived heuristic,evaluation-harness change,dev,6000,6050,50,0.28,2.7571,1,-5,5,27,23,0,0.54,0.28,38913,2.652271,pass,pass,088c70f,c02b69d7b43d,5,22,SlimeVolley round-robin tournament matchup 17/49: improved-v0 vs improved-v0; no policy code changed.,No failure observed.,Use round-robin standings to detect exploitability and regressions across archived policy versions.
2026-05-25T21:01:37+00:00,SlimeVolley-v0,improved-v0,improved-v1,v1,archived heuristic,evaluation-harness change,dev,6000,6050,50,-2.44,2.21955,-3,-5,4,6,44,0,0.12,-2.44,40898,2.770448,pass,pass,088c70f,c02b69d7b43d,5,22,SlimeVolley round-robin tournament matchup 18/49: improved-v0 vs improved-v1; no policy code changed.,No failure observed.,Use round-robin standings to detect exploitability and regressions across archived policy versions.
2026-05-25T21:01:40+00:00,SlimeVolley-v0,improved-v0,improved-v2,v2,archived heuristic,evaluation-harness change,dev,6000,6050,50,-2.44,2.21955,-3,-5,4,6,44,0,0.12,-2.44,40898,2.762028,pass,pass,088c70f,c02b69d7b43d,5,22,SlimeVolley round-robin tournament matchup 19/49: improved-v0 vs improved-v2; no policy code changed.,No failure observed.,Use round-robin standings to detect exploitability and regressions across archived policy versions.
2026-05-25T21:01:44+00:00,SlimeVolley-v0,improved-v0,improved-v3,v3,archived heuristic,evaluation-harness change,dev,6000,6050,50,-3.48,1.5263,-4,-5,3,2,48,0,0.04,-3.48,40271,2.708271,pass,pass,088c70f,c02b69d7b43d,5,22,SlimeVolley round-robin tournament matchup 20/49: improved-v0 vs improved-v3; no policy code changed.,No failure observed.,Use round-robin standings to detect exploitability and regressions across archived policy versions.
2026-05-25T21:01:47+00:00,SlimeVolley-v0,improved-v0,improved,current,current heuristic,evaluation-harness change,dev,6000,6050,50,-3.84,1.30169,-4,-5,1,2,48,0,0.04,-3.84,43183,2.925865,pass,pass,088c70f,c02b69d7b43d,5,22,SlimeVolley round-robin tournament matchup 21/49: improved-v0 vs improved; no policy code changed.,No failure observed.,Use round-robin standings to detect exploitability and regressions across archived policy versions.
2026-05-25T21:01:51+00:00,SlimeVolley-v0,improved-v1,random,v0,random policy,evaluation-harness change,dev,6000,6050,50,3.02,1.63083,3,-2,5,47,3,0,0.94,3.02,35473,2.709004,pass,pass,088c70f,c02b69d7b43d,5,22,SlimeVolley round-robin tournament matchup 22/49: improved-v1 vs random; no policy code changed.,No failure observed.,Use round-robin standings to detect exploitability and regressions across archived policy versions.
2026-05-25T21:01:55+00:00,SlimeVolley-v0,improved-v1,initial,v0,frozen heuristic,evaluation-harness change,dev,6000,6050,50,2,2.14476,2,-3,5,40,10,0,0.8,2.0,42691,2.734809,pass,pass,088c70f,c02b69d7b43d,5,22,SlimeVolley round-robin tournament matchup 23/49: improved-v1 vs initial; no policy code changed.,No failure observed.,Use round-robin standings to detect exploitability and regressions across archived policy versions.
2026-05-25T21:01:58+00:00,SlimeVolley-v0,improved-v1,improved-v0,v0,archived heuristic,evaluation-harness change,dev,6000,6050,50,2.62,1.79878,3,-2,5,45,5,0,0.9,2.62,41377,2.758472,pass,pass,088c70f,c02b69d7b43d,5,22,SlimeVolley round-robin tournament matchup 24/49: improved-v1 vs improved-v0; no policy code changed.,No failure observed.,Use round-robin standings to detect exploitability and regressions across archived policy versions.
2026-05-25T21:02:03+00:00,SlimeVolley-v0,improved-v1,improved-v1,v1,archived heuristic,evaluation-harness change,dev,6000,6050,50,0.22,2.78058,1,-5,5,27,23,0,0.54,0.22,56688,3.764844,pass,pass,088c70f,c02b69d7b43d,5,22,SlimeVolley round-robin tournament matchup 25/49: improved-v1 vs improved-v1; no policy code changed.,No failure observed.,Use round-robin standings to detect exploitability and regressions across archived policy versions.
2026-05-25T21:02:08+00:00,SlimeVolley-v0,improved-v1,improved-v2,v2,archived heuristic,evaluation-harness change,dev,6000,6050,50,0.22,2.78058,1,-5,5,27,23,0,0.54,0.22,56688,3.91115,pass,pass,088c70f,c02b69d7b43d,5,22,SlimeVolley round-robin tournament matchup 26/49: improved-v1 vs improved-v2; no policy code changed.,No failure observed.,Use round-robin standings to detect exploitability and regressions across archived policy versions.
2026-05-25T21:02:13+00:00,SlimeVolley-v0,improved-v1,improved-v3,v3,archived heuristic,evaluation-harness change,dev,6000,6050,50,-2.78,1.97271,-3,-5,3,6,44,0,0.12,-2.78,61447,4.169785,pass,pass,088c70f,c02b69d7b43d,5,22,SlimeVolley round-robin tournament matchup 27/49: improved-v1 vs improved-v3; no policy code changed.,No failure observed.,Use round-robin standings to detect exploitability and regressions across archived policy versions.
2026-05-25T21:02:18+00:00,SlimeVolley-v0,improved-v1,improved,current,current heuristic,evaluation-harness change,dev,6000,6050,50,-3.16,1.60449,-4,-5,1,3,47,0,0.06,-3.16,66954,4.509858,pass,pass,088c70f,c02b69d7b43d,5,22,SlimeVolley round-robin tournament matchup 28/49: improved-v1 vs improved; no policy code changed.,No failure observed.,Use round-robin standings to detect exploitability and regressions across archived policy versions.
2026-05-25T21:02:21+00:00,SlimeVolley-v0,improved-v2,random,v0,random policy,evaluation-harness change,dev,6000,6050,50,3.02,1.63083,3,-2,5,47,3,0,0.94,3.02,35473,2.651049,pass,pass,088c70f,c02b69d7b43d,5,22,SlimeVolley round-robin tournament matchup 29/49: improved-v2 vs random; no policy code changed.,No failure observed.,Use round-robin standings to detect exploitability and regressions across archived policy versions.
2026-05-25T21:02:25+00:00,SlimeVolley-v0,improved-v2,initial,v0,frozen heuristic,evaluation-harness change,dev,6000,6050,50,2,2.14476,2,-3,5,40,10,0,0.8,2.0,42691,2.839648,pass,pass,088c70f,c02b69d7b43d,5,22,SlimeVolley round-robin tournament matchup 30/49: improved-v2 vs initial; no policy code changed.,No failure observed.,Use round-robin standings to detect exploitability and regressions across archived policy versions.
2026-05-25T21:02:29+00:00,SlimeVolley-v0,improved-v2,improved-v0,v0,archived heuristic,evaluation-harness change,dev,6000,6050,50,2.62,1.79878,3,-2,5,45,5,0,0.9,2.62,41377,2.66639,pass,pass,088c70f,c02b69d7b43d,5,22,SlimeVolley round-robin tournament matchup 31/49: improved-v2 vs improved-v0; no policy code changed.,No failure observed.,Use round-robin standings to detect exploitability and regressions across archived policy versions.
2026-05-25T21:02:33+00:00,SlimeVolley-v0,improved-v2,improved-v1,v1,archived heuristic,evaluation-harness change,dev,6000,6050,50,0.22,2.78058,1,-5,5,27,23,0,0.54,0.22,56688,3.74682,pass,pass,088c70f,c02b69d7b43d,5,22,SlimeVolley round-robin tournament matchup 32/49: improved-v2 vs improved-v1; no policy code changed.,No failure observed.,Use round-robin standings to detect exploitability and regressions across archived policy versions.
2026-05-25T21:02:38+00:00,SlimeVolley-v0,improved-v2,improved-v2,v2,archived heuristic,evaluation-harness change,dev,6000,6050,50,0.22,2.78058,1,-5,5,27,23,0,0.54,0.22,56688,3.746339,pass,pass,088c70f,c02b69d7b43d,5,22,SlimeVolley round-robin tournament matchup 33/49: improved-v2 vs improved-v2; no policy code changed.,No failure observed.,Use round-robin standings to detect exploitability and regressions across archived policy versions.
2026-05-25T21:02:43+00:00,SlimeVolley-v0,improved-v2,improved-v3,v3,archived heuristic,evaluation-harness change,dev,6000,6050,50,-2.78,1.97271,-3,-5,3,6,44,0,0.12,-2.78,61447,4.023243,pass,pass,088c70f,c02b69d7b43d,5,22,SlimeVolley round-robin tournament matchup 34/49: improved-v2 vs improved-v3; no policy code changed.,No failure observed.,Use round-robin standings to detect exploitability and regressions across archived policy versions.
2026-05-25T21:02:48+00:00,SlimeVolley-v0,improved-v2,improved,current,current heuristic,evaluation-harness change,dev,6000,6050,50,-3.16,1.60449,-4,-5,1,3,47,0,0.06,-3.16,66954,4.480115,pass,pass,088c70f,c02b69d7b43d,5,22,SlimeVolley round-robin tournament matchup 35/49: improved-v2 vs improved; no policy code changed.,No failure observed.,Use round-robin standings to detect exploitability and regressions across archived policy versions.
2026-05-25T21:02:51+00:00,SlimeVolley-v0,improved-v3,random,v0,random policy,evaluation-harness change,dev,6000,6050,50,3.6,1.09545,4,1,5,50,0,0,1.0,3.6,35007,2.552903,pass,pass,088c70f,c02b69d7b43d,5,22,SlimeVolley round-robin tournament matchup 36/49: improved-v3 vs random; no policy code changed.,No failure observed.,Use round-robin standings to detect exploitability and regressions across archived policy versions.
2026-05-25T21:02:55+00:00,SlimeVolley-v0,improved-v3,initial,v0,frozen heuristic,evaluation-harness change,dev,6000,6050,50,3.36,1.58442,4,-3,5,48,2,0,0.96,3.36,41858,2.757249,pass,pass,088c70f,c02b69d7b43d,5,22,SlimeVolley round-robin tournament matchup 37/49: improved-v3 vs initial; no policy code changed.,No failure observed.,Use round-robin standings to detect exploitability and regressions across archived policy versions.
2026-05-25T21:02:59+00:00,SlimeVolley-v0,improved-v3,improved-v0,v0,archived heuristic,evaluation-harness change,dev,6000,6050,50,3.54,1.16979,4,1,5,50,0,0,1.0,3.54,40592,2.68395,pass,pass,088c70f,c02b69d7b43d,5,22,SlimeVolley round-robin tournament matchup 38/49: improved-v3 vs improved-v0; no policy code changed.,No failure observed.,Use round-robin standings to detect exploitability and regressions across archived policy versions.
2026-05-25T21:03:03+00:00,SlimeVolley-v0,improved-v3,improved-v1,v1,archived heuristic,evaluation-harness change,dev,6000,6050,50,2.9,1.74642,3,-3,5,47,3,0,0.94,2.9,58900,3.993484,pass,pass,088c70f,c02b69d7b43d,5,22,SlimeVolley round-robin tournament matchup 39/49: improved-v3 vs improved-v1; no policy code changed.,No failure observed.,Use round-robin standings to detect exploitability and regressions across archived policy versions.
2026-05-25T21:03:08+00:00,SlimeVolley-v0,improved-v3,improved-v2,v2,archived heuristic,evaluation-harness change,dev,6000,6050,50,2.9,1.74642,3,-3,5,47,3,0,0.94,2.9,58900,3.906695,pass,pass,088c70f,c02b69d7b43d,5,22,SlimeVolley round-robin tournament matchup 40/49: improved-v3 vs improved-v2; no policy code changed.,No failure observed.,Use round-robin standings to detect exploitability and regressions across archived policy versions.
2026-05-25T21:03:17+00:00,SlimeVolley-v0,improved-v3,improved-v3,v3,archived heuristic,evaluation-harness change,dev,6000,6050,50,0.26,2.30486,0,-4,5,24,21,5,0.48,0.26,124490,8.201413,pass,pass,088c70f,c02b69d7b43d,5,22,SlimeVolley round-robin tournament matchup 41/49: improved-v3 vs improved-v3; no policy code changed.,No failure observed.,Use round-robin standings to detect exploitability and regressions across archived policy versions.
2026-05-25T21:03:27+00:00,SlimeVolley-v0,improved-v3,improved,current,current heuristic,evaluation-harness change,dev,6000,6050,50,-0.12,2.25956,0,-4,5,20,21,9,0.4,-0.12,135435,9.008862,pass,pass,088c70f,c02b69d7b43d,5,22,SlimeVolley round-robin tournament matchup 42/49: improved-v3 vs improved; no policy code changed.,No failure observed.,Use round-robin standings to detect exploitability and regressions across archived policy versions.
2026-05-25T21:03:31+00:00,SlimeVolley-v0,improved,random,v0,random policy,evaluation-harness change,dev,6000,6050,50,4.02,0.787147,4,2,5,50,0,0,1.0,4.02,36245,2.702239,pass,pass,088c70f,c02b69d7b43d,5,22,SlimeVolley round-robin tournament matchup 43/49: improved vs random; no policy code changed.,No failure observed.,Use round-robin standings to detect exploitability and regressions across archived policy versions.
2026-05-25T21:03:35+00:00,SlimeVolley-v0,improved,initial,v0,frozen heuristic,evaluation-harness change,dev,6000,6050,50,3.88,0.930376,4,1,5,50,0,0,1.0,3.88,43734,2.805756,pass,pass,088c70f,c02b69d7b43d,5,22,SlimeVolley round-robin tournament matchup 44/49: improved vs initial; no policy code changed.,No failure observed.,Use round-robin standings to detect exploitability and regressions across archived policy versions.
2026-05-25T21:03:38+00:00,SlimeVolley-v0,improved,improved-v0,v0,archived heuristic,evaluation-harness change,dev,6000,6050,50,3.94,0.881136,4,2,5,50,0,0,1.0,3.94,41971,2.836298,pass,pass,088c70f,c02b69d7b43d,5,22,SlimeVolley round-robin tournament matchup 45/49: improved vs improved-v0; no policy code changed.,No failure observed.,Use round-robin standings to detect exploitability and regressions across archived policy versions.
2026-05-25T21:03:43+00:00,SlimeVolley-v0,improved,improved-v1,v1,archived heuristic,evaluation-harness change,dev,6000,6050,50,3.56,1.38795,4,-3,5,49,1,0,0.98,3.56,62149,4.206032,pass,pass,088c70f,c02b69d7b43d,5,22,SlimeVolley round-robin tournament matchup 46/49: improved vs improved-v1; no policy code changed.,No failure observed.,Use round-robin standings to detect exploitability and regressions across archived policy versions.
2026-05-25T21:03:48+00:00,SlimeVolley-v0,improved,improved-v2,v2,archived heuristic,evaluation-harness change,dev,6000,6050,50,3.56,1.38795,4,-3,5,49,1,0,0.98,3.56,62149,4.162326,pass,pass,088c70f,c02b69d7b43d,5,22,SlimeVolley round-robin tournament matchup 47/49: improved vs improved-v2; no policy code changed.,No failure observed.,Use round-robin standings to detect exploitability and regressions across archived policy versions.
2026-05-25T21:03:58+00:00,SlimeVolley-v0,improved,improved-v3,v3,archived heuristic,evaluation-harness change,dev,6000,6050,50,0.82,2.19718,1,-3,5,27,15,8,0.54,0.82,131892,8.602153,pass,pass,088c70f,c02b69d7b43d,5,22,SlimeVolley round-robin tournament matchup 48/49: improved vs improved-v3; no policy code changed.,No failure observed.,Use round-robin standings to detect exploitability and regressions across archived policy versions.
2026-05-25T21:04:08+00:00,SlimeVolley-v0,improved,improved,current,current heuristic,evaluation-harness change,dev,6000,6050,50,0.24,2.3286,0,-4,5,24,20,6,0.48,0.24,140948,9.423664,pass,pass,088c70f,c02b69d7b43d,5,22,SlimeVolley round-robin tournament matchup 49/49: improved vs improved; no policy code changed.,No failure observed.,Use round-robin standings to detect exploitability and regressions across archived policy versions.
2026-05-25T21:19:24+00:00,SlimeVolley-v0,random,builtin,slimevolleygym-baseline-rnn,built-in baseline,evaluation-harness change,holdout,7000,7050,50,-4.88,0.324962,-5,-5,-4,0,50,0,0.0,-4.88,29184,1.968164,pass,pass,088c70f,c02b69d7b43d,6,27,Final SlimeVolley holdout matchup 1/30: random vs builtin. This row must not be used for tuning.,"Final holdout evaluation row. Any failure or weak score is reported as evidence, not a tuning signal.",Do not tune on holdout results. Use them only for the final conclusion and future fresh experiments.
2026-05-25T21:19:28+00:00,SlimeVolley-v0,random,random,v0,random policy,evaluation-harness change,holdout,7000,7050,50,-0.22,2.56351,-1,-5,5,23,27,0,0.46,-0.22,32492,2.308714,pass,pass,088c70f,c02b69d7b43d,6,27,Final SlimeVolley holdout matchup 2/30: random vs random. This row must not be used for tuning.,"Final holdout evaluation row. Any failure or weak score is reported as evidence, not a tuning signal.",Do not tune on holdout results. Use them only for the final conclusion and future fresh experiments.
2026-05-25T21:19:31+00:00,SlimeVolley-v0,random,initial,v0,frozen heuristic,evaluation-harness change,holdout,7000,7050,50,-2.22,1.98283,-3,-5,3,7,43,0,0.14,-2.22,33767,2.503054,pass,pass,088c70f,c02b69d7b43d,6,27,Final SlimeVolley holdout matchup 3/30: random vs initial. This row must not be used for tuning.,"Final holdout evaluation row. Any failure or weak score is reported as evidence, not a tuning signal.",Do not tune on holdout results. Use them only for the final conclusion and future fresh experiments.
2026-05-25T21:19:35+00:00,SlimeVolley-v0,random,improved-v0,v0,archived heuristic,evaluation-harness change,holdout,7000,7050,50,-1.82,2.1789,-2,-5,3,11,39,0,0.22,-1.82,34883,2.603309,pass,pass,088c70f,c02b69d7b43d,6,27,Final SlimeVolley holdout matchup 4/30: random vs improved-v0. This row must not be used for tuning.,"Final holdout evaluation row. Any failure or weak score is reported as evidence, not a tuning signal.",Do not tune on holdout results. Use them only for the final conclusion and future fresh experiments.
2026-05-25T21:19:38+00:00,SlimeVolley-v0,random,improved-v2,v2,archived heuristic,evaluation-harness change,holdout,7000,7050,50,-3.22,1.5138,-3.5,-5,2,2,48,0,0.04,-3.22,34189,2.553831,pass,pass,088c70f,c02b69d7b43d,6,27,Final SlimeVolley holdout matchup 5/30: random vs improved-v2. This row must not be used for tuning.,"Final holdout evaluation row. Any failure or weak score is reported as evidence, not a tuning signal.",Do not tune on holdout results. Use them only for the final conclusion and future fresh experiments.
2026-05-25T21:19:42+00:00,SlimeVolley-v0,random,improved-v3,v3,archived heuristic,evaluation-harness change,holdout,7000,7050,50,-3.68,1.48916,-4,-5,3,1,49,0,0.02,-3.68,34432,2.589336,pass,pass,088c70f,c02b69d7b43d,6,27,Final SlimeVolley holdout matchup 6/30: random vs improved-v3. This row must not be used for tuning.,"Final holdout evaluation row. Any failure or weak score is reported as evidence, not a tuning signal.",Do not tune on holdout results. Use them only for the final conclusion and future fresh experiments.
2026-05-25T21:19:45+00:00,SlimeVolley-v0,initial,builtin,slimevolleygym-baseline-rnn,built-in baseline,evaluation-harness change,holdout,7000,7050,50,-4.88,0.324962,-5,-5,-4,0,50,0,0.0,-4.88,32827,1.858094,pass,pass,088c70f,c02b69d7b43d,6,27,Final SlimeVolley holdout matchup 7/30: initial vs builtin. This row must not be used for tuning.,"Final holdout evaluation row. Any failure or weak score is reported as evidence, not a tuning signal.",Do not tune on holdout results. Use them only for the final conclusion and future fresh experiments.
2026-05-25T21:19:48+00:00,SlimeVolley-v0,initial,random,v0,random policy,evaluation-harness change,holdout,7000,7050,50,1.88,2.09418,2,-2,5,39,11,0,0.78,1.88,35174,2.56482,pass,pass,088c70f,c02b69d7b43d,6,27,Final SlimeVolley holdout matchup 8/30: initial vs random. This row must not be used for tuning.,"Final holdout evaluation row. Any failure or weak score is reported as evidence, not a tuning signal.",Do not tune on holdout results. Use them only for the final conclusion and future fresh experiments.
2026-05-25T21:19:52+00:00,SlimeVolley-v0,initial,initial,v0,frozen heuristic,evaluation-harness change,holdout,7000,7050,50,-0.1,2.80891,1,-5,5,27,23,0,0.54,-0.1,38318,2.472216,pass,pass,088c70f,c02b69d7b43d,6,27,Final SlimeVolley holdout matchup 9/30: initial vs initial. This row must not be used for tuning.,"Final holdout evaluation row. Any failure or weak score is reported as evidence, not a tuning signal.",Do not tune on holdout results. Use them only for the final conclusion and future fresh experiments.
2026-05-25T21:19:55+00:00,SlimeVolley-v0,initial,improved-v0,v0,archived heuristic,evaluation-harness change,holdout,7000,7050,50,-0.06,2.73064,1,-5,4,26,24,0,0.52,-0.06,38658,2.535945,pass,pass,088c70f,c02b69d7b43d,6,27,Final SlimeVolley holdout matchup 10/30: initial vs improved-v0. This row must not be used for tuning.,"Final holdout evaluation row. Any failure or weak score is reported as evidence, not a tuning signal.",Do not tune on holdout results. Use them only for the final conclusion and future fresh experiments.
2026-05-25T21:19:59+00:00,SlimeVolley-v0,initial,improved-v2,v2,archived heuristic,evaluation-harness change,holdout,7000,7050,50,-2.48,2.08077,-3,-5,4,7,43,0,0.14,-2.48,40612,2.641645,pass,pass,088c70f,c02b69d7b43d,6,27,Final SlimeVolley holdout matchup 11/30: initial vs improved-v2. This row must not be used for tuning.,"Final holdout evaluation row. Any failure or weak score is reported as evidence, not a tuning signal.",Do not tune on holdout results. Use them only for the final conclusion and future fresh experiments.
2026-05-25T21:20:02+00:00,SlimeVolley-v0,initial,improved-v3,v3,archived heuristic,evaluation-harness change,holdout,7000,7050,50,-3.64,1.57175,-4,-5,4,1,49,0,0.02,-3.64,38622,2.523146,pass,pass,088c70f,c02b69d7b43d,6,27,Final SlimeVolley holdout matchup 12/30: initial vs improved-v3. This row must not be used for tuning.,"Final holdout evaluation row. Any failure or weak score is reported as evidence, not a tuning signal.",Do not tune on holdout results. Use them only for the final conclusion and future fresh experiments.
2026-05-25T21:20:05+00:00,SlimeVolley-v0,tuned,builtin,slimevolleygym-baseline-rnn,built-in baseline,evaluation-harness change,holdout,7000,7050,50,-4.84,0.417612,-5,-5,-3,0,50,0,0.0,-4.84,34518,1.988314,pass,pass,088c70f,c02b69d7b43d,6,27,Final SlimeVolley holdout matchup 13/30: tuned vs builtin. This row must not be used for tuning.,"Final holdout evaluation row. Any failure or weak score is reported as evidence, not a tuning signal.",Do not tune on holdout results. Use them only for the final conclusion and future fresh experiments.
2026-05-25T21:20:09+00:00,SlimeVolley-v0,tuned,random,v0,random policy,evaluation-harness change,holdout,7000,7050,50,1.98,2.31076,2.5,-5,5,39,11,0,0.78,1.98,35198,2.58883,pass,pass,088c70f,c02b69d7b43d,6,27,Final SlimeVolley holdout matchup 14/30: tuned vs random. This row must not be used for tuning.,"Final holdout evaluation row. Any failure or weak score is reported as evidence, not a tuning signal.",Do not tune on holdout results. Use them only for the final conclusion and future fresh experiments.
2026-05-25T21:20:12+00:00,SlimeVolley-v0,tuned,initial,v0,frozen heuristic,evaluation-harness change,holdout,7000,7050,50,0.46,2.66991,1,-5,5,29,21,0,0.58,0.46,40256,2.634106,pass,pass,088c70f,c02b69d7b43d,6,27,Final SlimeVolley holdout matchup 15/30: tuned vs initial. This row must not be used for tuning.,"Final holdout evaluation row. Any failure or weak score is reported as evidence, not a tuning signal.",Do not tune on holdout results. Use them only for the final conclusion and future fresh experiments.
2026-05-25T21:20:16+00:00,SlimeVolley-v0,tuned,improved-v0,v0,archived heuristic,evaluation-harness change,holdout,7000,7050,50,0.72,2.5459,1.5,-5,4,32,18,0,0.64,0.72,40210,2.673755,pass,pass,088c70f,c02b69d7b43d,6,27,Final SlimeVolley holdout matchup 16/30: tuned vs improved-v0. This row must not be used for tuning.,"Final holdout evaluation row. Any failure or weak score is reported as evidence, not a tuning signal.",Do not tune on holdout results. Use them only for the final conclusion and future fresh experiments.
2026-05-25T21:20:20+00:00,SlimeVolley-v0,tuned,improved-v2,v2,archived heuristic,evaluation-harness change,holdout,7000,7050,50,-2.22,1.99289,-2.5,-5,4,7,43,0,0.14,-2.22,44291,2.872431,pass,pass,088c70f,c02b69d7b43d,6,27,Final SlimeVolley holdout matchup 17/30: tuned vs improved-v2. This row must not be used for tuning.,"Final holdout evaluation row. Any failure or weak score is reported as evidence, not a tuning signal.",Do not tune on holdout results. Use them only for the final conclusion and future fresh experiments.
2026-05-25T21:20:24+00:00,SlimeVolley-v0,tuned,improved-v3,v3,archived heuristic,evaluation-harness change,holdout,7000,7050,50,-3.56,1.58947,-4,-5,4,1,49,0,0.02,-3.56,41748,2.787392,pass,pass,088c70f,c02b69d7b43d,6,27,Final SlimeVolley holdout matchup 18/30: tuned vs improved-v3. This row must not be used for tuning.,"Final holdout evaluation row. Any failure or weak score is reported as evidence, not a tuning signal.",Do not tune on holdout results. Use them only for the final conclusion and future fresh experiments.
2026-05-25T21:20:33+00:00,SlimeVolley-v0,improved,builtin,slimevolleygym-baseline-rnn,built-in baseline,evaluation-harness change,holdout,7000,7050,50,-3.68,1.37753,-4,-5,0,0,48,2,0.0,-3.68,126972,7.73,pass,pass,088c70f,c02b69d7b43d,6,27,Final SlimeVolley holdout matchup 19/30: improved vs builtin. This row must not be used for tuning.,"Final holdout evaluation row. Any failure or weak score is reported as evidence, not a tuning signal.",Do not tune on holdout results. Use them only for the final conclusion and future fresh experiments.
2026-05-25T21:20:36+00:00,SlimeVolley-v0,improved,random,v0,random policy,evaluation-harness change,holdout,7000,7050,50,4,1.13137,4,1,5,50,0,0,1.0,4.0,38764,2.912038,pass,pass,088c70f,c02b69d7b43d,6,27,Final SlimeVolley holdout matchup 20/30: improved vs random. This row must not be used for tuning.,"Final holdout evaluation row. Any failure or weak score is reported as evidence, not a tuning signal.",Do not tune on holdout results. Use them only for the final conclusion and future fresh experiments.
2026-05-25T21:20:40+00:00,SlimeVolley-v0,improved,initial,v0,frozen heuristic,evaluation-harness change,holdout,7000,7050,50,3.72,1.28125,4,1,5,50,0,0,1.0,3.72,46539,3.045852,pass,pass,088c70f,c02b69d7b43d,6,27,Final SlimeVolley holdout matchup 21/30: improved vs initial. This row must not be used for tuning.,"Final holdout evaluation row. Any failure or weak score is reported as evidence, not a tuning signal.",Do not tune on holdout results. Use them only for the final conclusion and future fresh experiments.
2026-05-25T21:20:45+00:00,SlimeVolley-v0,improved,improved-v0,v0,archived heuristic,evaluation-harness change,holdout,7000,7050,50,3.78,1.22131,4,1,5,50,0,0,1.0,3.78,46212,3.116424,pass,pass,088c70f,c02b69d7b43d,6,27,Final SlimeVolley holdout matchup 22/30: improved vs improved-v0. This row must not be used for tuning.,"Final holdout evaluation row. Any failure or weak score is reported as evidence, not a tuning signal.",Do not tune on holdout results. Use them only for the final conclusion and future fresh experiments.
2026-05-25T21:20:50+00:00,SlimeVolley-v0,improved,improved-v2,v2,archived heuristic,evaluation-harness change,holdout,7000,7050,50,3.34,1.38,4,-1,5,49,1,0,0.98,3.34,63630,4.331485,pass,pass,088c70f,c02b69d7b43d,6,27,Final SlimeVolley holdout matchup 23/30: improved vs improved-v2. This row must not be used for tuning.,"Final holdout evaluation row. Any failure or weak score is reported as evidence, not a tuning signal.",Do not tune on holdout results. Use them only for the final conclusion and future fresh experiments.
2026-05-25T21:21:00+00:00,SlimeVolley-v0,improved,improved-v3,v3,archived heuristic,evaluation-harness change,holdout,7000,7050,50,0.24,2.58116,0.5,-5,5,25,20,5,0.5,0.24,129016,8.58782,pass,pass,088c70f,c02b69d7b43d,6,27,Final SlimeVolley holdout matchup 24/30: improved vs improved-v3. This row must not be used for tuning.,"Final holdout evaluation row. Any failure or weak score is reported as evidence, not a tuning signal.",Do not tune on holdout results. Use them only for the final conclusion and future fresh experiments.
2026-05-25T21:21:09+00:00,SlimeVolley-v0,baseline-rnn,builtin,slimevolleygym-baseline-rnn,built-in baseline,evaluation-harness change,holdout,7000,7050,50,-0.26,1.16293,0,-3,3,12,18,20,0.24,-0.26,150000,8.62591,pass,pass,088c70f,c02b69d7b43d,6,27,Final SlimeVolley holdout matchup 25/30: baseline-rnn vs builtin. This row must not be used for tuning.,"Final holdout evaluation row. Any failure or weak score is reported as evidence, not a tuning signal.",Do not tune on holdout results. Use them only for the final conclusion and future fresh experiments.
2026-05-25T21:21:12+00:00,SlimeVolley-v0,baseline-rnn,random,v0,random policy,evaluation-harness change,holdout,7000,7050,50,4.88,0.381576,5,3,5,50,0,0,1.0,4.88,29828,2.256651,pass,pass,088c70f,c02b69d7b43d,6,27,Final SlimeVolley holdout matchup 26/30: baseline-rnn vs random. This row must not be used for tuning.,"Final holdout evaluation row. Any failure or weak score is reported as evidence, not a tuning signal.",Do not tune on holdout results. Use them only for the final conclusion and future fresh experiments.
2026-05-25T21:21:16+00:00,SlimeVolley-v0,baseline-rnn,initial,v0,frozen heuristic,evaluation-harness change,holdout,7000,7050,50,4.84,0.366606,5,4,5,50,0,0,1.0,4.84,34393,2.542614,pass,pass,088c70f,c02b69d7b43d,6,27,Final SlimeVolley holdout matchup 27/30: baseline-rnn vs initial. This row must not be used for tuning.,"Final holdout evaluation row. Any failure or weak score is reported as evidence, not a tuning signal.",Do not tune on holdout results. Use them only for the final conclusion and future fresh experiments.
2026-05-25T21:21:19+00:00,SlimeVolley-v0,baseline-rnn,improved-v0,v0,archived heuristic,evaluation-harness change,holdout,7000,7050,50,4.86,0.346987,5,4,5,50,0,0,1.0,4.86,34306,2.36281,pass,pass,088c70f,c02b69d7b43d,6,27,Final SlimeVolley holdout matchup 28/30: baseline-rnn vs improved-v0. This row must not be used for tuning.,"Final holdout evaluation row. Any failure or weak score is reported as evidence, not a tuning signal.",Do not tune on holdout results. Use them only for the final conclusion and future fresh experiments.
2026-05-25T21:21:24+00:00,SlimeVolley-v0,baseline-rnn,improved-v2,v2,archived heuristic,evaluation-harness change,holdout,7000,7050,50,4.82,0.477074,5,3,5,50,0,0,1.0,4.82,51186,3.693286,pass,pass,088c70f,c02b69d7b43d,6,27,Final SlimeVolley holdout matchup 29/30: baseline-rnn vs improved-v2. This row must not be used for tuning.,"Final holdout evaluation row. Any failure or weak score is reported as evidence, not a tuning signal.",Do not tune on holdout results. Use them only for the final conclusion and future fresh experiments.
2026-05-25T21:21:34+00:00,SlimeVolley-v0,baseline-rnn,improved-v3,v3,archived heuristic,evaluation-harness change,holdout,7000,7050,50,4.18,1.01371,4,1,5,50,0,0,1.0,4.18,121764,8.602163,pass,pass,088c70f,c02b69d7b43d,6,27,Final SlimeVolley holdout matchup 30/30: baseline-rnn vs improved-v3. This row must not be used for tuning.,"Final holdout evaluation row. Any failure or weak score is reported as evidence, not a tuning signal.",Do not tune on holdout results. Use them only for the final conclusion and future fresh experiments.
